name,Nombre_liga,Equipo,Pais,Edad,Posicion,Altura,Peso,Partidos_completos,Medio_tiempo,Minutos,T_Goles,T_Asistencias,T_Amarillas,T_Rojas,PP_Tiros,%_PasesBuenos,JdP,PP_Aire,rating,PP_Entradas,PP_Intercepciones,PP_Faltas,PP_FueraJuegoGanados,PP_Despejes,PP_Regateado,outfielderBlockPerGame,T_GolesPropia,shotsPerGame_y,PP_PasesClave,PP_Regateo,PP_FaltaRecibida,PP_FueraJuegoPerdido,PP_BalonPerdido,PP_MalControl,PP_Pases,passSuccess_y,PP_PaseCentro,PP_PaseLargo,PP_PaseProfundidad
Lionel Messi,LaLiga,Barcelona,ar,32,Attacker,170,72,10,1,901,12,6,1,0,3.6,81.4,7,0.4,8.65,0.6,0.1,0.5,0.0,0.1,0.6,0.0,0,3.6,2.7,5.1,1.0,0.4,1.9,2.0,52.7,81.4,0.5,1.7,0.5
Luis Suárez,LaLiga,Barcelona,uy,32,Attacker,182,86,12,2,1014,9,3,3,0,3.0,73.6,0,0.4,7.49,0.2,0.0,0.8,0.0,0.5,0.4,0.1,0,3.0,0.9,1.0,0.7,0.6,0.7,0.9,23.3,73.6,0.1,1.2,0.0
Arthur,LaLiga,Barcelona,br,23,Defender,171,73,8,1,655,2,3,1,0,0.6,89.8,0,0.1,7.26,0.9,0.3,0.7,0.0,0.3,0.2,0.0,0,0.6,1.0,2.2,2.7,0.1,1.1,1.9,55.8,89.8,0.1,3.0,0.1
Antoine Griezmann,LaLiga,Barcelona,fr,28,Attacker,176,73,14,1,1217,6,4,2,0,2.0,80.0,1,0.9,7.22,1.1,0.5,0.6,0.0,0.8,0.8,0.1,0,2.0,0.8,0.6,0.5,0.6,0.5,1.5,36.1,80.0,0.1,1.2,0.1
Frenkie de Jong,LaLiga,Barcelona,nl,22,Defender,180,74,15,1,1262,1,2,1,0,0.1,92.9,2,0.5,7.12,1.4,0.9,0.9,0.0,0.4,0.6,0.4,0,0.1,1.1,1.9,1.1,0.1,0.9,1.0,59.2,92.9,0.1,2.4,0.1
Sergio Busquets,LaLiga,Barcelona,es,31,Defender,189,76,10,3,942,1,2,5,0,0.2,89.5,0,0.6,7.06,2.5,1.3,1.2,0.0,0.6,1.1,0.0,0,0.2,1.1,0.6,1.3,0.0,0.2,0.5,67.8,89.5,0.0,3.8,0.2
Samuel Umtiti,LaLiga,Barcelona,fr,26,Defender,182,75,3,1,277,0,0,1,0,0.0,88.6,0,2.0,7.0,0.8,1.3,1.8,0.3,5.3,0.5,0.0,0,0.0,0.0,1.0,1.0,0.3,0.0,0.3,41.5,88.6,0.0,1.5,0.0
Gerard Piqué,LaLiga,Barcelona,es,32,Defender,194,85,15,0,1343,1,0,8,0,0.5,90.1,1,3.4,6.96,0.9,0.9,1.0,0.6,4.3,0.2,0.9,0,0.5,0.3,0.2,0.5,0.0,0.2,0.4,71.2,90.1,0.0,4.7,0.0
Jordi Alba,LaLiga,Barcelona,es,30,Defender,170,68,7,0,602,1,0,1,0,0.3,89.1,0,0.1,6.93,1.3,1.3,0.7,0.0,1.0,0.3,0.1,0,0.3,1.3,0.9,0.4,0.3,0.1,0.6,77.1,89.1,0.4,2.6,0.0
Rafinha,LaLiga,Barcelona,br,26,Midfielder,174,71,2,1,187,0,0,0,0,2.0,90.0,0,0.0,6.93,1.0,0.3,1.0,0.0,0.0,0.3,0.0,0,2.0,1.7,1.3,4.0,0.0,1.7,2.0,50.0,90.0,1.0,2.3,0.0
Clément Lenglet,LaLiga,Barcelona,fr,24,Defender,186,81,13,0,1162,1,1,3,1,0.4,90.9,0,2.8,6.88,1.9,1.6,1.2,0.5,3.1,0.7,0.5,0,0.4,0.3,0.1,0.8,0.0,0.2,0.2,73.0,90.9,0.0,4.4,0.0
Moussa Wague,LaLiga,Barcelona,sn,21,Defender,177,70,1,0,90,0,0,0,0,0.0,88.1,0,1.0,6.88,2.0,1.0,1.0,1.0,0.0,0.0,0.0,0,0.0,0.0,3.0,0.0,0.0,1.0,0.0,59.0,88.1,0.0,3.0,0.0
Nélson Semedo,LaLiga,Barcelona,pt,26,Defender,177,67,10,3,866,0,2,1,0,0.2,89.6,0,0.4,6.82,1.9,0.7,0.9,0.2,0.8,0.2,0.1,0,0.2,0.2,1.3,1.4,0.0,0.8,1.3,44.4,89.6,0.2,1.8,0.0
Sergi Roberto,LaLiga,Barcelona,es,27,Defender,178,68,13,1,1097,0,2,6,0,0.3,90.1,0,1.2,6.76,1.1,1.0,0.8,0.0,1.3,0.4,0.1,0,0.3,0.6,0.5,1.4,0.0,0.8,0.9,60.1,90.1,0.3,0.6,0.1
Júnior Firpo,LaLiga,Barcelona,es,23,Defender,184,78,7,1,595,1,0,2,0,0.4,88.6,0,0.6,6.71,1.8,1.3,2.5,0.4,0.8,0.8,0.3,0,0.4,0.8,0.5,1.0,0.1,0.3,1.1,52.6,88.6,0.4,0.9,0.0
Ousmane Dembélé,LaLiga,Barcelona,fr,22,Attacker,178,67,3,2,358,1,0,1,1,1.0,78.0,0,0.2,6.7,0.4,0.0,0.2,0.0,0.0,0.6,0.0,0,1.0,1.6,2.8,1.0,0.8,1.0,2.2,47.2,78.0,1.0,2.6,0.2
Arturo Vidal,LaLiga,Barcelona,cl,32,Midfielder,180,75,3,9,399,4,0,2,0,0.6,86.0,0,0.7,6.7,2.3,0.3,1.0,0.0,0.4,0.8,0.2,0,0.6,0.2,0.2,0.5,0.1,0.2,0.6,25.6,86.0,0.1,1.2,0.0
Carles Pérez,LaLiga,Barcelona,es,21,Attacker,173,75,5,3,458,1,2,0,0,1.8,82.7,0,0.1,6.69,0.8,0.1,0.4,0.0,0.1,1.5,0.3,0,1.8,0.8,1.0,0.4,0.3,1.1,1.5,31.0,82.7,0.4,0.3,0.0
Ansu Fati,LaLiga,Barcelona,gw,17,Forward,178,66,3,6,327,2,1,1,0,1.4,79.4,0,0.3,6.68,0.3,0.3,0.7,0.0,0.0,0.4,0.0,0,1.4,0.6,1.2,0.4,0.1,0.6,1.9,18.9,79.4,0.3,0.2,0.0
Jean-Clair Todibo,LaLiga,Barcelona,fr,19,Defender,190,81,1,1,77,0,0,0,0,0.0,96.1,0,1.0,6.53,0.5,0.0,0.5,0.5,3.0,0.5,0.0,0,0.0,0.0,0.0,0.0,0.0,0.0,0.0,25.5,96.1,0.0,1.5,0.0
Marc-André ter Stegen,LaLiga,Barcelona,de,27,GoalKeeper,187,85,16,0,1440,0,2,0,0,0.0,86.7,0,0.6,6.51,0.1,0.1,0.0,0.0,0.9,0.0,0.0,0,0.0,0.1,0.0,0.1,0.0,0.0,0.0,27.3,86.7,0.0,5.9,0.1
Ivan Rakitic,LaLiga,Barcelona,hr,31,Midfielder,184,78,4,7,473,0,2,1,0,0.9,87.8,0,0.6,6.4,0.3,0.4,0.7,0.0,0.6,0.7,0.3,0,0.9,0.3,0.3,1.3,0.0,0.7,0.5,38.1,87.8,0.2,1.5,0.1
Carles Aleñá,LaLiga,Barcelona,es,21,Midfielder,180,73,1,2,81,0,0,0,0,0.3,93.8,0,0.0,6.2,0.3,0.0,0.7,0.0,0.0,0.7,0.0,0,0.3,0.0,0.7,0.0,0.0,0.3,0.7,21.3,93.8,0.0,1.0,0.0
Ronald Araújo,LaLiga,Barcelona,uy,20,Defender,188,79,0,1,14,0,0,0,1,0.0,100.0,0,0.0,5.17,0.0,0.0,1.0,0.0,1.0,0.0,0.0,0,0.0,0.0,0.0,0.0,0.0,0.0,0.0,1.0,100.0,0.0,0.0,0.0
Karim Benzema,LaLiga,Real Madrid,fr,31,Forward,185,81,14,0,1214,11,5,0,0,4.1,85.7,6,1.3,7.82,0.4,0.1,0.5,0.0,1.1,0.2,0.1,0,4.1,1.8,1.0,0.4,0.6,1.3,2.2,30.5,85.7,0.0,1.4,0.2
Eden Hazard,LaLiga,Real Madrid,be,28,Midfielder,175,74,7,1,609,1,1,0,0,1.1,84.2,1,0.8,7.6,0.5,0.3,1.1,0.0,0.0,1.0,0.0,0,1.1,1.4,4.4,3.8,0.3,2.1,2.3,37.3,84.2,0.3,1.6,0.0
Casemiro,LaLiga,Real Madrid,br,27,Defender,185,84,15,0,1320,1,1,5,0,1.1,84.5,0,3.3,7.55,3.7,2.3,2.3,0.1,1.6,1.9,0.2,0,1.1,0.3,0.6,1.9,0.1,0.5,0.6,58.7,84.5,0.2,6.0,0.1
Daniel Carvajal,LaLiga,Real Madrid,es,27,Defender,173,73,12,0,1080,1,4,2,0,0.5,87.1,2,1.3,7.37,2.3,1.4,1.3,0.2,0.8,0.6,0.3,0,0.5,1.6,0.7,0.7,0.2,0.3,1.8,64.7,87.1,0.6,3.1,0.1
Toni Kroos,LaLiga,Real Madrid,de,29,Midfielder,183,76,12,1,983,2,2,1,0,1.8,92.7,1,0.4,7.33,1.5,0.5,0.7,0.0,0.2,1.5,0.0,0,1.8,2.5,0.6,1.8,0.0,0.1,0.2,65.2,92.7,1.2,7.2,0.1
Raphael Varane,LaLiga,Real Madrid,fr,26,Defender,191,81,12,0,1080,1,1,1,0,0.3,88.5,0,3.0,7.15,1.3,0.9,0.3,0.5,4.5,0.3,0.5,0,0.3,0.2,0.3,0.3,0.0,0.1,0.5,51.6,88.5,0.0,4.1,0.0
Nacho,LaLiga,Real Madrid,es,29,Defender,180,76,2,0,180,0,0,2,0,1.5,86.0,0,2.5,7.09,1.5,1.5,2.0,0.0,2.5,1.5,0.0,0,1.5,1.0,0.5,2.5,0.0,1.0,1.5,43.0,86.0,0.5,1.5,0.0
Gareth Bale,LaLiga,Real Madrid,gb,30,Midfielder,185,81,7,1,608,2,2,0,1,2.3,82.1,0,2.0,7.01,0.5,0.1,1.1,0.0,0.4,0.6,0.1,0,2.3,1.0,1.3,0.6,0.4,1.0,0.9,30.8,82.1,0.8,1.6,0.0
Luka Modric,LaLiga,Real Madrid,hr,34,Midfielder,172,66,5,5,546,2,4,1,1,0.9,89.2,1,0.3,7.01,0.9,0.8,1.0,0.0,0.2,1.0,0.1,0,0.9,1.5,1.1,0.7,0.1,1.0,1.3,36.0,89.2,0.7,2.3,0.0
Federico Valverde,LaLiga,Real Madrid,uy,21,Midfielder,182,78,7,4,609,2,2,1,0,1.2,86.1,0,1.3,7.0,1.5,0.7,0.7,0.0,0.4,0.6,0.1,0,1.2,0.6,0.6,0.5,0.0,0.6,1.3,27.5,86.1,0.1,1.6,0.1
Marcelo,LaLiga,Real Madrid,br,31,Defender,174,75,6,0,540,0,1,1,0,1.0,86.6,0,0.3,6.95,1.0,0.7,0.7,0.2,1.2,1.7,0.2,0,1.0,2.0,1.2,1.0,0.0,0.3,1.2,67.3,86.6,0.7,4.3,0.0
Sergio Ramos,LaLiga,Real Madrid,es,33,Defender,184,82,15,0,1320,3,0,3,0,1.1,91.1,0,2.3,6.93,1.4,1.5,1.4,0.6,3.5,0.5,0.1,0,1.1,0.1,0.1,0.7,0.1,0.1,0.3,62.3,91.1,0.0,5.7,0.0
James Rodríguez,LaLiga,Real Madrid,co,28,Attacker,180,75,4,3,341,1,1,1,0,1.3,82.3,0,0.4,6.87,1.7,0.4,0.7,0.0,0.1,0.7,0.0,0,1.3,2.0,0.1,0.9,0.3,0.4,1.0,33.0,82.3,0.9,2.4,0.6
Rodrygo,LaLiga,Real Madrid,br,18,Attacker,174,64,4,3,373,2,0,0,0,1.1,89.8,0,0.3,6.84,0.1,1.0,0.6,0.0,0.3,0.9,0.0,0,1.1,0.7,1.0,0.9,0.1,0.6,1.7,23.9,89.8,0.3,0.7,0.0
Ferland Mendy,LaLiga,Real Madrid,fr,24,Defender,180,73,6,1,534,0,0,2,1,0.6,86.4,0,1.0,6.84,1.7,1.0,1.3,0.1,0.9,0.3,0.1,0,0.6,0.9,1.7,1.0,0.0,1.0,1.0,39.0,86.4,0.9,2.4,0.0
Thibaut Courtois,LaLiga,Real Madrid,be,27,GoalKeeper,199,96,12,0,1080,0,0,0,0,0.0,75.3,0,0.2,6.82,0.0,0.0,0.0,0.0,0.7,0.1,0.0,0,0.0,0.0,0.0,0.2,0.0,0.0,0.0,24.9,75.3,0.0,2.8,0.0
Vinícius Júnior,LaLiga,Real Madrid,br,19,Attacker,176,73,5,4,488,1,1,2,0,1.9,77.9,0,0.1,6.77,0.2,0.1,0.7,0.0,0.0,0.7,0.0,0,1.9,0.9,2.2,1.0,0.0,0.3,1.3,19.1,77.9,0.2,0.1,0.0
Eder Militão,LaLiga,Real Madrid,br,21,Defender,186,79,3,2,306,0,0,2,0,0.2,90.6,0,2.6,6.76,1.4,1.4,1.2,1.2,1.8,0.2,0.4,0,0.2,0.0,0.0,1.0,0.2,0.6,0.2,40.4,90.6,0.0,0.8,0.0
Lucas Vázquez,LaLiga,Real Madrid,es,28,Midfielder,173,70,4,3,358,1,0,1,0,1.1,80.1,0,0.0,6.75,1.0,0.7,1.9,0.0,0.3,0.9,0.0,0,1.1,1.1,1.1,0.7,0.1,1.1,2.9,25.1,80.1,0.7,1.4,0.1
Isco,LaLiga,Real Madrid,es,27,Attacker,176,79,3,5,302,0,0,0,0,1.1,87.9,0,0.5,6.57,0.5,0.0,0.4,0.0,0.1,0.3,0.0,0,1.1,1.0,1.3,1.1,0.1,0.8,1.0,28.9,87.9,0.3,0.8,0.0
Álvaro Odriozola,LaLiga,Real Madrid,es,24,Defender,176,66,4,0,344,0,1,1,1,0.5,91.1,0,0.0,6.49,1.3,0.5,1.8,0.3,1.5,0.8,0.0,0,0.5,1.3,1.5,1.0,0.0,0.5,1.8,30.8,91.1,0.3,1.3,0.0
Luka Jovic,LaLiga,Real Madrid,rs,21,Forward,182,85,3,6,291,1,0,0,0,1.2,82.1,0,1.1,6.37,0.1,0.2,0.1,0.0,0.0,0.0,0.0,0,1.2,0.2,0.4,0.0,0.2,0.2,0.6,10.6,82.1,0.0,0.4,0.0
Alphonse Areola,LaLiga,Real Madrid,fr,26,GoalKeeper,195,94,3,0,270,0,0,1,0,0.0,79.2,0,0.0,6.28,0.0,0.0,0.3,0.0,0.3,0.0,0.0,0,0.0,0.0,0.0,0.0,0.0,0.3,0.0,25.7,79.2,0.0,5.0,0.0
Brahim Díaz,LaLiga,Real Madrid,es,20,Attacker,171,68,0,3,23,0,0,0,0,0.0,77.8,0,0.0,6.03,0.0,0.0,0.0,0.0,0.0,0.0,0.0,0,0.0,0.0,0.0,1.3,0.0,0.0,0.7,3.0,77.8,0.0,0.3,0.0
Lucas Ocampos,LaLiga,Sevilla,ar,25,Midfielder,187,84,13,0,1121,5,1,5,1,2.3,76.5,3,1.0,7.21,2.3,0.5,1.6,0.0,0.8,1.5,0.0,0,2.3,0.9,2.4,1.5,0.2,2.5,3.2,27.2,76.5,0.7,0.6,0.0
Éver Banega,LaLiga,Sevilla,ar,31,Midfielder,174,71,15,0,1250,1,5,4,0,1.5,85.9,2,0.7,7.19,1.1,0.3,0.8,0.0,0.2,1.5,0.0,0,1.5,1.9,1.9,1.9,0.0,1.3,1.3,68.7,85.9,1.1,7.6,0.2
Sergio Reguilón,LaLiga,Sevilla,es,22,Defender,178,68,14,0,1189,1,1,4,0,0.8,79.6,1,1.4,7.06,1.6,1.3,1.8,0.3,1.4,1.0,0.1,0,0.8,1.6,1.6,1.3,0.2,1.1,1.6,48.7,79.6,1.1,3.1,0.0
Sergio Escudero,LaLiga,Sevilla,es,30,Defender,176,65,2,1,189,0,0,1,0,0.7,77.7,0,3.3,6.95,3.7,1.0,0.7,0.0,4.0,1.3,0.0,0,0.7,0.0,0.0,0.3,0.0,0.0,1.0,37.3,77.7,0.0,1.0,0.0
Joan Jordán,LaLiga,Sevilla,es,25,Midfielder,184,74,12,4,1060,2,1,4,0,0.9,87.2,2,1.1,6.95,1.6,0.4,2.1,0.0,0.4,1.9,0.1,0,0.9,1.2,1.2,0.9,0.0,0.8,0.8,48.5,87.2,1.0,5.6,0.0
Fernando,LaLiga,Sevilla,br,32,Defender,183,76,14,0,1260,0,1,7,0,0.3,87.6,0,2.9,6.94,1.9,1.9,1.3,0.2,2.5,0.9,0.4,0,0.3,0.3,0.4,0.9,0.1,0.3,0.8,51.7,87.6,0.0,3.6,0.1
Jesús Navas,LaLiga,Sevilla,es,34,Defender,172,60,16,0,1439,0,3,1,0,0.3,79.8,1,0.5,6.93,1.0,0.8,0.5,0.1,1.9,0.3,0.1,0,0.3,1.6,1.4,0.9,0.0,0.6,0.8,53.6,79.8,1.5,3.4,0.1
Luuk de Jong,LaLiga,Sevilla,nl,29,Attacker,188,86,11,2,952,2,0,2,0,2.5,67.5,0,5.5,6.88,0.7,0.2,1.2,0.1,1.2,0.3,0.0,0,2.5,0.6,0.2,0.9,0.6,0.5,2.0,18.5,67.5,0.1,0.2,0.0
Nolito,LaLiga,Sevilla,es,33,Attacker,175,65,10,1,733,2,0,0,0,2.1,77.1,0,0.7,6.79,1.6,0.1,1.7,0.0,0.1,0.8,0.0,0,2.1,0.7,0.8,0.7,0.8,0.5,1.6,23.0,77.1,0.0,0.9,0.0
Diego Carlos,LaLiga,Sevilla,br,26,Defender,185,79,16,0,1425,1,0,3,0,0.6,83.0,1,2.4,6.79,1.3,0.6,1.4,0.7,5.1,0.3,0.6,0,0.6,0.2,0.3,0.3,0.0,0.1,0.2,48.6,83.0,0.1,4.4,0.0
Tomás Vaclik,LaLiga,Sevilla,cz,30,GoalKeeper,188,85,16,0,1440,0,0,0,0,0.0,65.6,0,0.3,6.7,0.0,0.0,0.0,0.0,0.8,0.0,0.0,0,0.0,0.0,0.0,0.1,0.0,0.0,0.1,24.3,65.6,0.0,5.9,0.0
Jules Koundé,LaLiga,Sevilla,fr,21,Defender,178,70,9,2,824,0,0,2,0,0.5,85.1,0,2.9,6.68,0.7,0.8,0.6,0.5,2.6,0.3,0.2,0,0.5,0.1,0.5,0.3,0.0,0.2,0.6,41.5,85.1,0.0,3.0,0.0
Óliver Torres,LaLiga,Sevilla,es,25,Midfielder,178,70,10,4,786,1,1,3,0,0.6,81.9,0,0.3,6.66,1.9,0.4,1.2,0.0,0.3,1.4,0.0,0,0.6,0.8,0.9,0.5,0.0,1.1,1.1,30.8,81.9,0.3,3.1,0.1
Franco Vázquez,LaLiga,Sevilla,ar,30,Attacker,187,82,3,10,407,3,0,2,0,0.8,89.4,0,0.8,6.57,0.8,0.0,0.8,0.1,0.3,0.5,0.0,0,0.8,0.2,0.7,1.2,0.3,0.5,0.8,16.0,89.4,0.0,0.5,0.0
Munir El Haddadi,LaLiga,Sevilla,es,24,Attacker,175,69,3,3,316,1,0,1,0,1.8,77.8,0,0.8,6.54,0.5,0.3,0.8,0.0,0.3,0.5,0.0,0,1.8,0.3,0.3,1.3,0.7,0.7,1.8,16.5,77.8,0.2,0.0,0.0
Munas Dabbur,LaLiga,Sevilla,il,27,Forward,182,76,0,1,12,0,0,0,0,1.0,66.7,0,0.0,6.48,1.0,0.0,0.0,0.0,0.0,0.0,0.0,0,1.0,0.0,0.0,0.0,0.0,1.0,1.0,6.0,66.7,0.0,0.0,1.0
Daniel Carriço,LaLiga,Sevilla,pt,31,Defender,180,79,7,1,623,0,0,2,0,0.8,91.1,0,1.1,6.47,0.8,0.9,0.6,0.3,1.9,0.4,0.3,0,0.8,0.1,0.4,0.1,0.0,0.1,0.4,48.0,91.1,0.0,3.4,0.0
Chicharito,LaLiga,Sevilla,mx,31,Forward,175,73,4,4,415,1,0,0,0,1.5,70.8,1,1.4,6.4,0.8,0.6,0.8,0.0,0.1,0.5,0.0,0,1.5,0.4,0.0,1.5,1.3,0.3,1.8,9.0,70.8,0.0,0.1,0.1
Sergi Gómez,LaLiga,Sevilla,es,27,Defender,185,80,0,1,7,0,0,0,0,0.0,66.7,0,1.0,6.38,0.0,1.0,0.0,0.0,2.0,0.0,1.0,0,0.0,0.0,0.0,0.0,0.0,0.0,0.0,3.0,66.7,0.0,0.0,0.0
Bryan Gil,LaLiga,Sevilla,es,18,Forward,175,60,0,2,63,0,0,2,0,0.0,91.7,0,0.0,6.29,0.5,0.0,0.5,0.0,0.0,0.5,0.0,0,0.0,0.0,2.0,0.0,0.0,1.0,0.0,12.0,91.7,0.0,0.0,0.0
Nemanja Gudelj,LaLiga,Sevilla,rs,28,Midfielder,187,81,1,8,290,0,0,3,0,0.1,87.9,0,0.8,6.25,0.4,0.4,0.9,0.2,1.7,0.2,0.3,0,0.1,0.0,0.2,0.2,0.0,0.2,0.2,15.7,87.9,0.0,0.8,0.0
Rony Lopes,LaLiga,Sevilla,pt,23,Attacker,174,68,0,1,11,0,0,0,0,1.0,100.0,0,0.0,6.11,0.0,1.0,0.0,0.0,0.0,0.0,0.0,0,1.0,0.0,0.0,0.0,0.0,0.0,0.0,6.0,100.0,0.0,0.0,0.0
Alejandro Pozo,LaLiga,Sevilla,es,20,Defender,174,70,0,3,34,0,0,0,0,0.0,76.9,0,0.0,5.95,0.3,0.0,0.0,0.0,0.3,0.0,0.0,0,0.0,0.0,0.0,0.0,0.0,1.0,1.3,4.3,76.9,0.0,0.0,0.0
Jason,LaLiga,Getafe,es,25,Midfielder,178,65,11,0,877,1,4,5,0,1.5,61.3,1,1.3,7.12,1.6,1.3,1.5,0.0,0.5,1.2,0.3,0,1.5,1.6,1.5,1.8,0.1,1.3,2.8,20.9,61.3,1.3,0.5,0.0
Mathías Olivera,LaLiga,Getafe,uy,22,Defender,184,78,3,2,328,0,1,1,0,0.2,54.5,2,2.4,7.04,2.6,1.0,1.0,0.0,2.4,0.8,0.0,0,0.2,0.2,1.2,0.4,0.2,0.6,1.2,17.6,54.5,0.4,0.8,0.0
Marc Cucurella,LaLiga,Getafe,es,21,Defender,172,66,17,0,1512,1,3,4,0,0.8,66.4,1,1.5,6.95,2.4,0.6,2.2,0.1,0.7,1.1,0.3,0,0.8,1.1,0.8,1.5,0.1,0.7,1.8,30.8,66.4,0.4,1.4,0.0
Damián Suárez,LaLiga,Getafe,uy,31,Defender,172,61,13,0,1122,0,3,6,0,0.5,66.7,0,1.5,6.84,2.0,0.8,1.7,0.5,1.4,0.8,0.2,0,0.5,1.2,0.7,2.2,0.0,0.2,1.2,32.8,66.7,0.9,2.3,0.1
Mauro Arambarri,LaLiga,Getafe,uy,24,Defender,175,74,15,0,1350,1,1,5,0,1.2,70.4,0,2.2,6.84,2.0,1.3,2.1,0.1,1.0,1.0,0.2,0,1.2,0.1,1.1,2.0,0.0,0.9,1.3,26.3,70.4,0.1,2.9,0.0
Jaime Mata,LaLiga,Getafe,es,31,Forward,185,79,14,1,1173,5,2,5,0,1.2,64.0,1,3.2,6.84,0.7,0.1,3.1,0.0,0.3,0.3,0.0,0,1.2,1.0,0.1,1.7,0.9,1.1,3.3,18.9,64.0,0.3,0.3,0.0
Raúl García,LaLiga,Getafe,es,30,Defender,180,74,3,1,247,0,0,0,0,0.0,65.4,0,1.0,6.83,1.3,1.0,0.8,0.3,1.5,0.8,0.3,0,0.0,1.0,1.0,1.0,0.0,0.8,0.5,19.5,65.4,2.5,1.5,0.0
Nemanja Maksimovic,LaLiga,Getafe,rs,24,Defender,189,78,14,1,1215,1,0,1,0,0.7,68.0,1,2.7,6.8,1.3,1.7,0.5,0.0,1.1,0.9,0.1,0,0.7,0.2,0.3,0.3,0.1,0.1,0.7,19.8,68.0,0.1,0.9,0.0
Ángel Rodríguez,LaLiga,Getafe,es,32,Forward,172,68,5,11,754,8,1,2,0,1.8,62.1,1,0.8,6.74,0.4,0.1,1.8,0.0,0.5,0.7,0.1,0,1.8,0.5,0.8,1.2,1.0,0.9,1.9,10.1,62.1,0.0,0.4,0.1
Xabier Etxeita,LaLiga,Getafe,es,32,Defender,186,78,3,1,315,0,0,2,0,0.3,54.1,0,2.5,6.73,1.3,1.3,1.0,1.3,4.0,0.8,0.3,0,0.3,0.3,0.0,0.3,0.0,0.0,0.0,18.5,54.1,0.0,3.3,0.0
Kenedy,LaLiga,Getafe,br,23,Defender,182,77,2,8,346,1,2,1,0,1.0,69.5,1,0.5,6.71,0.4,0.7,0.8,0.0,0.2,0.2,0.0,0,1.0,0.5,1.4,0.6,0.1,1.0,0.9,9.5,69.5,0.4,0.1,0.0
Leandro Cabrera,LaLiga,Getafe,uy,28,Defender,190,80,15,0,1262,1,0,3,0,0.3,51.5,0,3.1,6.68,0.6,1.1,0.9,1.5,3.5,0.1,0.3,0,0.3,0.1,0.1,0.5,0.1,0.2,0.3,31.1,51.5,0.1,6.1,0.1
David Timor,LaLiga,Getafe,es,30,Defender,185,80,3,5,308,2,0,2,0,1.0,61.7,0,1.8,6.63,0.5,0.5,0.9,0.1,0.9,0.1,0.0,0,1.0,0.1,0.0,0.8,0.0,0.0,0.4,16.0,61.7,0.0,2.0,0.0
Jorge Molina,LaLiga,Getafe,es,37,Forward,188,72,12,3,889,3,1,3,1,1.1,65.2,0,2.6,6.62,0.1,0.2,1.1,0.1,0.5,0.5,0.0,0,1.1,0.8,0.5,1.3,0.4,1.0,1.6,16.3,65.2,0.2,0.3,0.0
Djené Dakonam,LaLiga,Getafe,tg,27,Defender,187,72,15,0,1350,0,0,2,0,0.2,68.4,0,2.3,6.57,1.1,0.6,1.5,1.3,3.3,0.2,0.2,0,0.2,0.2,0.3,0.9,0.1,0.2,0.6,30.6,68.4,0.0,3.5,0.0
David Soria,LaLiga,Getafe,es,26,GoalKeeper,192,85,17,0,1530,0,0,1,0,0.0,39.3,1,0.2,6.53,0.0,0.0,0.1,0.0,1.0,0.1,0.0,0,0.0,0.0,0.0,0.0,0.0,0.0,0.0,28.3,39.3,0.0,9.1,0.0
Allan-Roméo Nyom,LaLiga,Getafe,cm,31,Defender,188,78,14,2,1129,1,0,5,0,0.4,61.8,0,1.0,6.52,1.6,0.5,1.5,0.3,1.6,0.5,0.3,0,0.4,0.4,0.3,0.6,0.1,0.3,0.6,17.8,61.8,0.5,1.2,0.0
Faycal Fajr,LaLiga,Getafe,ma,31,Midfielder,178,72,4,0,314,0,0,2,0,1.8,70.5,0,2.0,6.47,0.3,0.3,0.8,0.0,0.0,0.5,0.0,0,1.8,1.5,0.0,0.8,0.0,0.5,1.0,28.0,70.5,1.3,5.0,0.0
Francisco Portillo,LaLiga,Getafe,es,29,Midfielder,169,60,2,9,280,0,1,1,0,0.3,73.3,0,0.2,6.42,0.7,0.1,0.7,0.0,0.3,0.6,0.0,0,0.3,0.6,0.8,0.3,0.0,0.5,0.8,10.9,73.3,0.1,0.3,0.2
Enric Gallego,LaLiga,Getafe,es,33,Forward,190,79,2,3,162,0,0,0,0,0.6,49.0,0,2.4,6.29,0.6,0.4,0.8,0.0,0.2,0.4,0.0,0,0.6,0.0,0.2,0.4,0.0,0.6,1.4,9.8,49.0,0.0,0.2,0.0
Vitorino Antunes,LaLiga,Getafe,pt,32,Defender,176,70,0,1,5,0,0,0,0,0.0,0.0,0,0.0,6.08,0.0,0.0,0.0,0.0,0.0,0.0,0.0,0,0.0,0.0,0.0,0.0,0.0,0.0,0.0,0.0,0.0,0.0,0.0,0.0
Markel Bergara,LaLiga,Getafe,es,33,Midfielder,180,74,0,2,70,0,0,2,0,0.5,56.3,0,0.5,6.02,0.0,0.0,1.5,0.0,1.0,0.0,0.0,0,0.5,0.0,0.0,0.0,0.0,0.0,0.5,8.0,56.3,0.0,0.0,0.0
Hugo Duro,LaLiga,Getafe,es,20,Forward,177,70,1,1,71,0,0,1,0,1.0,69.2,0,0.5,6.0,0.5,0.0,2.5,0.0,0.5,0.5,0.0,0,1.0,0.0,0.0,1.0,0.0,0.0,3.0,6.5,69.2,0.0,0.0,0.0
Bruno González,LaLiga,Getafe,es,29,Defender,185,83,2,0,180,0,0,1,0,0.0,84.6,0,1.5,5.85,1.5,0.0,3.0,1.5,1.5,0.0,0.0,0,0.0,0.0,0.0,1.0,0.5,0.0,0.0,32.5,84.6,0.0,2.0,0.0
Stefan Savic,LaLiga,Atletico Madrid,me,28,Defender,187,81,6,0,540,0,0,1,0,0.3,84.5,2,3.2,7.27,1.8,1.0,1.0,0.7,5.5,0.2,1.0,0,0.3,0.2,0.2,0.7,0.0,0.0,0.2,45.2,84.5,0.0,3.8,0.0
Saúl Ñíguez,LaLiga,Atletico Madrid,es,25,Defender,184,76,16,0,1440,2,0,5,0,1.3,79.3,2,3.9,7.19,2.1,1.3,2.1,0.1,2.0,1.1,0.3,0,1.3,0.4,0.8,0.8,0.3,0.8,1.1,46.9,79.3,0.1,2.4,0.1
Kieran Trippier,LaLiga,Atletico Madrid,gb,29,Defender,178,71,13,1,1136,0,2,1,0,0.2,75.2,0,1.6,7.15,2.3,1.1,0.9,0.1,1.6,0.8,0.2,0,0.2,1.8,0.7,0.5,0.1,0.4,1.1,38.3,75.2,1.6,1.4,0.1
Santiago Arias,LaLiga,Atletico Madrid,co,27,Defender,178,72,4,1,395,0,1,0,0,0.4,82.0,0,0.8,7.09,2.6,1.0,0.6,0.0,0.8,0.2,0.4,0,0.4,1.2,0.2,1.6,0.0,0.4,0.0,35.6,82.0,0.4,0.6,0.0
Álvaro Morata,LaLiga,Atletico Madrid,es,27,Attacker,190,84,11,3,977,6,1,2,1,2.9,68.3,1,4.3,7.03,0.8,0.3,2.4,0.0,0.6,0.4,0.1,0,2.9,1.1,0.7,2.4,1.5,1.5,2.3,15.6,68.3,0.1,0.1,0.1
José Giménez,LaLiga,Atletico Madrid,uy,24,Defender,185,80,9,0,810,0,0,0,0,0.7,86.5,0,2.7,7.0,1.6,1.4,0.6,0.1,3.2,0.2,0.2,0,0.7,0.0,0.3,0.9,0.1,0.1,0.6,45.1,86.5,0.0,3.4,0.0
Felipe,LaLiga,Atletico Madrid,br,30,Defender,190,83,11,1,991,0,0,4,0,0.8,77.0,0,3.2,6.92,1.1,1.4,1.4,0.3,4.4,0.3,0.6,0,0.8,0.3,0.2,0.8,0.1,0.1,0.4,36.9,77.0,0.0,2.0,0.0
Thomas Partey,LaLiga,Atletico Madrid,gh,26,Defender,185,77,12,3,1047,1,0,6,0,0.5,84.2,0,1.1,6.92,1.8,1.1,1.4,0.0,1.1,0.7,0.1,0,0.5,0.7,1.6,0.8,0.0,0.5,0.7,46.5,84.2,0.1,2.7,0.0
Koke,LaLiga,Atletico Madrid,es,27,Midfielder,176,77,16,1,1435,1,1,2,0,0.8,84.1,0,0.8,6.87,1.9,1.1,0.4,0.1,0.5,1.9,0.3,0,0.8,2.0,0.2,1.0,0.1,0.9,1.8,51.7,84.1,0.8,1.2,0.1
Héctor Herrera,LaLiga,Atletico Madrid,mx,29,Midfielder,185,80,6,4,552,0,1,0,0,0.8,89.5,0,1.1,6.78,2.1,1.1,0.7,0.0,0.4,0.9,0.3,0,0.8,0.5,0.8,0.6,0.1,1.1,0.6,35.2,89.5,0.0,0.9,0.1
Ángel Correa,LaLiga,Atletico Madrid,ar,24,Attacker,171,70,7,5,699,1,4,5,0,1.4,78.5,1,0.4,6.76,1.1,0.2,0.9,0.0,0.8,0.8,0.3,0,1.4,1.1,1.3,0.9,0.4,1.5,1.9,15.5,78.5,0.3,0.3,0.2
Vitolo,LaLiga,Atletico Madrid,es,30,Midfielder,185,80,5,7,543,2,1,2,0,1.0,82.3,0,0.5,6.75,0.7,0.7,0.9,0.0,0.2,0.6,0.0,0,1.0,0.5,1.8,1.0,0.2,0.7,1.8,18.8,82.3,0.1,0.5,0.2
Renan Lodi,LaLiga,Atletico Madrid,br,21,Defender,173,68,12,2,1030,1,1,1,1,0.8,82.5,1,1.1,6.74,1.9,1.0,1.2,0.1,1.5,0.5,0.2,0,0.8,0.6,0.5,1.4,0.2,0.6,1.1,26.1,82.5,0.6,1.1,0.1
Mario Hermoso,LaLiga,Atletico Madrid,es,24,Defender,184,75,10,2,870,0,0,2,0,0.2,79.3,0,1.3,6.63,0.8,0.9,1.1,0.1,3.8,0.5,0.3,0,0.2,0.1,0.5,0.6,0.2,0.1,0.3,35.5,79.3,0.0,3.9,0.0
João Félix,LaLiga,Atletico Madrid,pt,20,Attacker,181,70,12,1,914,2,1,2,0,2.7,77.9,0,1.0,6.62,0.2,0.5,1.4,0.0,0.2,0.5,0.0,0,2.7,0.5,0.7,1.9,0.3,0.8,1.9,17.4,77.9,0.2,0.1,0.0
Diego Costa,LaLiga,Atletico Madrid,es,31,Forward,188,83,8,3,757,2,2,2,0,1.3,67.2,1,2.8,6.57,0.3,0.1,1.2,0.1,0.3,0.5,0.1,0,1.3,0.8,0.6,1.0,1.0,1.0,2.0,15.8,67.2,0.0,0.5,0.0
Jan Oblak,LaLiga,Atletico Madrid,si,26,GoalKeeper,188,87,17,0,1506,0,0,0,0,0.0,53.0,0,0.1,6.54,0.0,0.0,0.0,0.0,0.1,0.0,0.0,0,0.0,0.0,0.1,0.2,0.0,0.0,0.1,21.8,53.0,0.0,6.9,0.0
Manuel Sánchez,LaLiga,Atletico Madrid,,19,Defender,179,70,1,0,63,0,0,1,0,0.0,84.6,0,0.0,6.46,0.0,0.0,2.0,0.0,1.0,0.0,0.0,0,0.0,2.0,1.0,0.0,1.0,0.0,0.0,13.0,84.6,1.0,0.0,0.0
Thomas Lemar,LaLiga,Atletico Madrid,fr,24,Attacker,171,63,8,6,711,0,0,1,0,0.5,83.3,0,0.4,6.44,0.6,0.3,0.4,0.0,0.1,0.4,0.1,0,0.5,0.4,1.2,0.5,0.0,0.9,1.6,20.1,83.3,0.6,0.5,0.0
Darío Poveda,LaLiga,Atletico Madrid,es,22,Forward,185,75,0,1,7,0,0,0,0,1.0,60.0,0,3.0,6.38,1.0,0.0,0.0,0.0,0.0,0.0,0.0,0,1.0,1.0,0.0,0.0,0.0,0.0,1.0,5.0,60.0,0.0,0.0,0.0
Marcos Llorente,LaLiga,Atletico Madrid,es,24,Defender,184,74,3,8,312,0,0,4,0,0.2,81.7,0,0.5,6.17,0.6,0.4,0.5,0.0,0.2,0.2,0.3,0,0.2,0.0,0.2,0.3,0.0,0.1,0.1,13.9,81.7,0.0,0.5,0.0
Antonio Adán,LaLiga,Atletico Madrid,es,32,GoalKeeper,190,93,0,1,24,0,0,0,0,0.0,60.0,0,0.0,6.11,0.0,0.0,0.0,0.0,0.0,0.0,0.0,0,0.0,0.0,0.0,0.0,0.0,0.0,0.0,5.0,60.0,0.0,1.0,0.0
Rodrigo Riquelme,LaLiga,Atletico Madrid,es,19,Midfielder,174,0,0,1,12,0,0,0,0,1.0,50.0,0,0.0,6.02,0.0,0.0,0.0,0.0,0.0,0.0,0.0,0,1.0,0.0,0.0,1.0,0.0,1.0,1.0,2.0,50.0,0.0,0.0,0.0
Martin Ødegaard,LaLiga,Real Sociedad,no,20,Attacker,178,68,15,0,1350,3,4,3,0,1.9,84.7,3,0.3,7.47,1.1,0.5,1.3,0.1,0.1,1.1,0.0,0,1.9,2.9,2.7,1.4,0.0,1.2,1.9,56.8,84.7,1.3,1.9,0.3
Mikel Merino,LaLiga,Real Sociedad,es,23,Midfielder,188,83,16,1,1455,2,1,3,0,1.2,77.5,1,5.1,7.34,2.1,1.5,2.2,0.1,1.3,1.4,0.2,0,1.2,1.0,1.0,2.5,0.0,1.8,1.6,53.2,77.5,0.2,2.5,0.0
Mikel Oyarzabal,LaLiga,Real Sociedad,es,22,Attacker,181,78,17,0,1465,6,4,2,0,2.1,72.8,3,1.4,7.29,1.3,0.6,1.5,0.0,0.7,0.8,0.1,0,2.1,1.4,2.5,1.5,0.4,1.7,3.1,27.9,72.8,0.4,1.5,0.1
Miguel Ángel Moyá,LaLiga,Real Sociedad,es,35,GoalKeeper,188,83,7,0,630,0,0,0,0,0.0,76.0,0,0.3,6.89,0.0,0.1,0.0,0.0,1.0,0.0,0.0,0,0.0,0.0,0.1,0.0,0.0,0.0,0.0,34.6,76.0,0.0,8.9,0.0
Andoni Gorosabel,LaLiga,Real Sociedad,,23,Defender,174,73,3,0,238,0,0,0,0,0.0,72.7,0,1.7,6.86,2.3,1.0,1.0,0.3,1.3,1.0,0.3,0,0.0,0.7,0.7,1.7,0.0,1.3,1.7,42.7,72.7,1.0,1.7,0.0
Joseba Zaldua,LaLiga,Real Sociedad,es,27,Defender,176,70,14,1,1253,0,1,5,0,0.3,76.5,0,1.9,6.74,1.5,1.1,0.8,0.5,2.2,0.6,0.2,1,0.3,0.5,0.6,2.1,0.1,0.3,0.5,39.2,76.5,0.9,1.1,0.0
Portu,LaLiga,Real Sociedad,es,27,Attacker,178,70,12,4,1175,4,4,3,0,1.1,73.4,2,0.6,6.73,0.6,0.1,1.2,0.0,0.1,0.6,0.1,0,1.1,1.2,0.3,0.9,0.7,0.6,1.9,16.0,73.4,0.9,0.1,0.0
Diego Llorente,LaLiga,Real Sociedad,es,26,Defender,186,75,14,0,1179,0,1,1,1,0.3,87.1,0,2.8,6.7,1.1,1.1,0.7,0.9,3.8,0.3,0.3,0,0.3,0.2,0.3,0.7,0.1,0.1,0.7,59.4,87.1,0.0,3.1,0.0
Ander Guevara,LaLiga,Real Sociedad,es,22,Defender,180,73,5,1,412,0,0,1,0,0.3,85.3,1,1.2,6.68,2.0,0.7,2.0,0.0,0.7,1.2,0.2,0,0.3,0.8,0.8,0.2,0.0,0.5,0.3,53.2,85.3,0.0,2.2,0.0
Robin Le Normand,LaLiga,Real Sociedad,fr,23,Defender,187,80,8,3,783,1,0,5,0,0.5,90.4,0,1.9,6.68,1.2,0.5,1.4,0.8,2.9,0.4,0.4,0,0.5,0.0,0.0,0.6,0.0,0.0,0.1,53.8,90.4,0.0,3.4,0.0
Igor Zubeldia,LaLiga,Real Sociedad,es,22,Defender,180,79,14,1,1292,0,0,3,0,0.5,88.6,0,2.1,6.67,1.0,0.7,1.6,0.3,2.9,0.7,0.7,0,0.5,0.1,0.8,0.9,0.0,0.5,0.7,58.3,88.6,0.0,3.1,0.0
Nacho Monreal,LaLiga,Real Sociedad,es,33,Defender,179,72,14,0,1260,1,0,1,0,0.8,84.1,0,1.5,6.67,1.2,1.6,1.5,0.1,2.1,0.6,0.1,0,0.8,0.4,0.2,0.4,0.1,0.2,1.0,39.0,84.1,0.6,0.9,0.0
Aritz Elustondo,LaLiga,Real Sociedad,es,25,Defender,180,71,7,1,555,0,0,0,0,0.1,80.2,0,2.6,6.66,2.1,0.8,0.3,0.3,2.9,1.0,0.5,0,0.1,0.1,0.0,0.3,0.0,0.0,0.4,37.3,80.2,0.0,2.4,0.0
Asier Illarramendi,LaLiga,Real Sociedad,es,29,Midfielder,179,75,3,0,217,0,0,0,0,0.3,91.7,0,1.3,6.62,0.7,1.7,0.7,0.0,2.0,1.3,0.3,0,0.3,0.3,0.0,1.0,0.0,0.0,0.7,60.0,91.7,0.0,3.3,0.0
Willian José,LaLiga,Real Sociedad,br,28,Forward,189,93,14,3,1072,7,0,2,0,1.9,75.6,0,1.1,6.62,0.2,0.0,0.9,0.1,0.4,0.2,0.1,0,1.9,0.4,0.1,0.5,0.4,0.8,1.1,14.7,75.6,0.0,0.5,0.1
Álex Remiro,LaLiga,Real Sociedad,es,24,GoalKeeper,191,79,10,0,900,0,0,0,0,0.1,77.5,0,0.2,6.57,0.0,0.0,0.0,0.0,1.3,0.1,0.0,0,0.1,0.0,0.0,0.2,0.0,0.0,0.0,35.1,77.5,0.0,7.4,0.0
Adnan Januzaj,LaLiga,Real Sociedad,be,24,Attacker,186,76,5,5,428,0,3,0,0,1.1,72.5,0,0.4,6.53,0.4,0.2,0.5,0.0,0.1,0.6,0.0,0,1.1,0.8,1.0,1.4,0.1,0.7,1.6,15.3,72.5,0.4,1.4,0.2
Luca Sangalli,LaLiga,Real Sociedad,es,24,Attacker,167,74,2,4,187,0,0,0,0,1.0,78.8,0,0.7,6.36,0.0,0.0,0.0,0.0,0.0,0.5,0.0,0,1.0,0.7,0.7,0.7,0.0,0.3,0.3,18.8,78.8,0.3,0.5,0.2
Alexander Isak,LaLiga,Real Sociedad,se,20,Forward,190,70,3,14,549,3,0,2,0,0.9,76.8,0,0.5,6.28,0.1,0.2,0.5,0.1,0.2,0.1,0.0,0,0.9,0.1,0.3,0.2,0.5,1.2,1.2,5.6,76.8,0.1,0.0,0.1
Aihen Muñoz,LaLiga,Real Sociedad,es,22,Defender,175,72,3,0,265,0,0,0,0,0.0,83.9,0,1.0,6.26,2.0,0.0,0.0,0.0,0.7,0.3,0.0,0,0.0,0.0,0.0,0.7,0.0,0.0,1.0,49.7,83.9,0.3,0.0,0.0
Kévin Rodrigues,LaLiga,Real Sociedad,pt,25,Defender,170,70,0,1,5,0,0,0,0,1.0,66.7,0,1.0,6.23,1.0,0.0,0.0,0.0,0.0,0.0,0.0,0,1.0,0.0,0.0,0.0,0.0,0.0,1.0,6.0,66.7,0.0,0.0,0.0
David Zurutuza,LaLiga,Real Sociedad,es,33,Midfielder,186,79,1,3,92,0,0,0,0,0.0,73.6,0,0.8,6.2,0.8,0.8,0.3,0.0,0.8,0.3,0.0,0,0.0,0.0,0.0,0.0,0.0,0.8,0.0,13.3,73.6,0.0,0.5,0.0
Ander Barrenetxea,LaLiga,Real Sociedad,,17,Forward,178,0,0,7,42,0,0,0,0,0.0,68.2,0,0.0,6.04,0.3,0.1,0.6,0.0,0.1,0.3,0.0,0,0.0,0.3,0.4,0.1,0.0,0.3,0.1,3.1,68.2,0.1,0.0,0.0
Raúl García,LaLiga,Athletic Bilbao,es,33,Midfielder,184,83,16,0,1384,5,1,6,0,2.4,56.0,2,6.5,7.18,1.4,0.6,2.8,0.2,1.4,1.4,0.1,0,2.4,0.8,0.3,1.6,0.6,0.4,1.9,28.8,56.0,0.2,0.9,0.0
Yuri,LaLiga,Athletic Bilbao,es,29,Defender,181,79,15,0,1350,2,0,1,0,1.1,82.6,1,1.8,7.13,1.6,0.9,1.1,0.4,2.0,0.3,0.1,0,1.1,0.5,1.5,1.9,0.0,0.9,1.7,38.3,82.6,0.5,2.6,0.1
Yeray Álvarez,LaLiga,Athletic Bilbao,es,24,Defender,182,78,15,0,1350,0,0,2,0,0.4,79.6,0,3.4,7.06,0.9,2.0,0.7,0.7,3.9,0.4,0.5,0,0.4,0.1,0.3,1.0,0.0,0.3,0.5,46.4,79.6,0.1,3.7,0.0
Iker Muniain,LaLiga,Athletic Bilbao,es,26,Attacker,170,65,12,1,1097,4,0,0,0,1.1,85.6,1,0.5,7.05,0.7,0.6,0.5,0.0,0.3,0.6,0.0,0,1.1,1.5,1.8,2.0,0.2,1.5,1.3,31.1,85.6,0.2,1.2,0.0
Íñigo Martínez,LaLiga,Athletic Bilbao,es,28,Defender,182,76,15,0,1350,0,0,2,0,1.1,79.1,0,3.6,6.98,1.1,1.5,0.8,0.7,3.8,0.3,0.4,1,1.1,0.3,0.2,1.3,0.1,0.1,0.4,45.4,79.1,0.3,6.9,0.0
Ander Capa,LaLiga,Athletic Bilbao,es,27,Defender,175,75,17,0,1504,1,4,5,0,0.6,74.6,2,1.4,6.94,2.1,0.9,1.4,0.1,1.9,1.1,0.2,0,0.6,0.7,1.2,0.6,0.2,0.9,1.4,36.1,74.6,0.4,1.3,0.0
Iñaki Williams,LaLiga,Athletic Bilbao,es,25,Attacker,186,78,17,0,1467,4,0,2,0,1.2,74.4,1,1.6,6.84,0.3,0.2,0.7,0.0,1.0,0.4,0.0,0,1.2,1.0,1.5,1.0,0.6,1.6,2.5,17.2,74.4,0.5,0.3,0.0
Dani García,LaLiga,Athletic Bilbao,es,29,Defender,180,81,17,0,1530,0,0,4,0,0.4,82.3,1,2.1,6.79,2.2,1.4,1.5,0.0,1.8,1.6,0.2,0,0.4,0.4,0.2,1.2,0.0,0.4,0.3,41.2,82.3,0.0,4.5,0.0
Unai Núñez,LaLiga,Athletic Bilbao,es,22,Defender,186,80,4,1,405,0,0,2,0,0.4,78.6,0,3.0,6.76,0.6,1.0,1.2,0.6,4.6,0.2,0.8,0,0.4,0.2,0.4,0.0,0.0,0.2,0.0,49.6,78.6,0.0,6.8,0.0
Unai López,LaLiga,Athletic Bilbao,es,24,Midfielder,170,68,13,0,926,0,3,3,0,1.1,84.6,0,0.9,6.75,1.0,0.7,1.5,0.0,0.6,1.4,0.0,0,1.1,1.3,0.5,0.8,0.1,1.0,0.8,41.1,84.6,1.3,3.2,0.0
Unai Simón,LaLiga,Athletic Bilbao,es,22,GoalKeeper,190,88,16,0,1440,0,0,2,0,0.0,59.0,1,0.4,6.72,0.0,0.0,0.1,0.0,0.5,0.0,0.0,0,0.0,0.0,0.0,0.1,0.0,0.0,0.0,27.4,59.0,0.0,10.4,0.0
Kenan Kodro,LaLiga,Athletic Bilbao,ba,26,Forward,190,80,1,2,136,1,0,0,0,0.3,60.9,0,2.0,6.51,0.0,0.0,1.0,0.0,0.3,0.0,0.0,0,0.3,0.0,0.3,1.0,0.0,0.3,0.0,7.7,60.9,0.0,0.3,0.0
Ibai Gómez,LaLiga,Athletic Bilbao,es,30,Attacker,177,72,3,6,401,0,0,0,0,1.1,73.2,0,0.0,6.46,0.3,0.3,0.1,0.0,0.2,0.3,0.0,0,1.1,1.1,0.4,0.2,0.1,0.8,1.0,14.1,73.2,1.6,0.3,0.0
Oihan Sancet,LaLiga,Athletic Bilbao,,19,Midfielder,188,73,3,2,263,0,1,1,0,1.0,80.3,0,1.0,6.46,0.8,0.0,1.0,0.0,0.0,0.2,0.0,0,1.0,0.8,1.0,0.8,0.0,1.8,2.0,13.2,80.3,0.0,0.4,0.0
Beñat Etxebarria,LaLiga,Athletic Bilbao,es,32,Midfielder,176,75,2,6,314,0,0,0,0,0.5,84.8,0,0.5,6.4,0.5,0.4,0.3,0.0,0.4,1.1,0.1,0,0.5,1.3,0.0,0.3,0.0,0.4,0.4,19.8,84.8,1.4,1.5,0.0
Mikel San José,LaLiga,Athletic Bilbao,es,30,Defender,188,78,2,6,266,0,0,2,0,0.5,70.8,0,1.4,6.37,0.8,0.8,0.5,0.0,1.1,0.6,0.0,0,0.5,0.1,0.0,0.1,0.1,0.4,0.4,13.3,70.8,0.0,0.5,0.0
Iago Herrerín,LaLiga,Athletic Bilbao,es,31,GoalKeeper,187,88,1,0,90,0,0,0,0,0.0,57.1,0,0.0,6.36,0.0,0.0,0.0,0.0,0.0,0.0,0.0,0,0.0,0.0,0.0,0.0,0.0,0.0,0.0,28.0,57.1,0.0,10.0,0.0
Iñigo Córdoba,LaLiga,Athletic Bilbao,es,22,Attacker,180,76,11,1,699,0,1,3,0,1.1,75.6,0,0.7,6.36,1.2,0.5,1.4,0.0,0.1,1.4,0.2,0,1.1,0.5,0.5,0.9,0.3,0.8,1.8,16.8,75.6,0.2,0.3,0.0
Mikel Balenziaga,LaLiga,Athletic Bilbao,es,31,Defender,177,76,2,0,180,0,0,1,0,0.0,88.9,0,0.0,6.3,1.5,0.0,0.5,0.0,1.5,0.0,0.0,0,0.0,0.5,0.5,0.0,0.0,1.0,0.5,31.5,88.9,0.0,1.5,0.0
Mikel Vesga,LaLiga,Athletic Bilbao,es,26,Defender,191,83,1,1,105,0,0,0,0,0.5,79.5,0,2.0,6.28,0.0,1.0,2.0,0.0,1.5,1.5,0.5,0,0.5,0.0,0.0,0.0,0.0,0.5,1.5,19.5,79.5,0.0,0.5,0.0
Íñigo Lekue,LaLiga,Athletic Bilbao,es,26,Defender,180,70,0,4,52,0,1,0,0,0.0,77.3,0,0.0,6.21,0.5,0.0,0.8,0.0,0.3,0.0,0.0,0,0.0,0.3,0.5,0.3,0.0,0.8,0.3,5.5,77.3,0.3,0.3,0.0
Asier Villalibre,LaLiga,Athletic Bilbao,es,22,Forward,184,86,0,2,29,0,0,0,0,0.0,71.4,0,2.0,6.19,0.0,0.0,0.5,0.0,0.0,0.0,0.0,0,0.0,0.0,0.0,0.5,0.5,0.0,1.0,3.5,71.4,0.0,0.0,0.0
Gaizka Larrazabal,LaLiga,Athletic Bilbao,es,21,Midfielder,180,81,1,7,171,0,0,0,0,0.4,61.9,0,0.5,6.16,0.3,0.0,0.6,0.0,0.0,0.0,0.0,0,0.4,0.1,0.3,0.4,0.1,0.4,0.8,5.3,61.9,0.4,0.1,0.0
Aritz Aduriz,LaLiga,Athletic Bilbao,es,38,Forward,181,77,0,10,138,1,0,2,0,0.2,65.8,0,1.3,6.16,0.3,0.0,0.6,0.0,0.2,0.0,0.0,0,0.2,0.0,0.0,0.1,0.0,0.2,0.6,3.8,65.8,0.0,0.1,0.0
Óscar De Marcos,LaLiga,Athletic Bilbao,es,30,Defender,182,77,3,1,191,0,0,0,0,0.0,64.8,0,1.0,6.12,0.0,0.0,0.3,0.0,0.0,0.8,0.0,0,0.0,0.0,0.0,0.8,0.5,0.3,0.5,13.5,64.8,0.5,0.0,0.0
Daniel Parejo,LaLiga,Valencia,es,30,Midfielder,182,74,15,0,1350,6,2,3,0,1.4,86.1,4,0.3,7.3,1.7,0.8,0.8,0.0,0.5,2.4,0.2,0,1.4,1.9,1.3,2.9,0.1,1.2,0.9,64.1,86.1,1.9,7.5,0.1
Jaume Doménech,LaLiga,Valencia,es,29,GoalKeeper,185,73,2,1,243,0,0,0,0,0.0,61.1,0,0.3,7.11,0.0,0.0,0.0,0.0,1.0,0.0,0.0,0,0.0,0.0,0.0,0.0,0.0,0.0,0.0,24.0,61.1,0.0,6.0,0.0
Rodrigo Moreno,LaLiga,Valencia,es,28,Midfielder,182,77,13,1,999,2,6,2,1,1.6,78.8,0,1.1,7.0,0.6,0.1,0.7,0.0,0.4,0.9,0.1,0,1.6,1.4,0.9,1.5,0.2,1.1,1.8,23.9,78.8,0.4,1.2,0.2
Maxi Gómez,LaLiga,Valencia,uy,23,Forward,186,91,10,5,958,6,1,2,0,1.1,64.1,2,2.6,6.89,0.3,0.2,1.1,0.0,0.5,0.2,0.0,0,1.1,0.5,0.3,2.0,1.0,0.5,1.7,10.2,64.1,0.0,0.7,0.1
Jaume Costa,LaLiga,Valencia,es,31,Defender,171,62,9,2,801,0,0,1,0,0.2,82.9,0,1.2,6.83,1.7,1.3,0.9,0.2,2.0,0.5,0.4,0,0.2,0.5,0.8,1.3,0.0,0.3,0.6,34.5,82.9,0.2,1.1,0.0
Ferrán Torres,LaLiga,Valencia,es,19,Midfielder,184,77,11,4,932,3,2,2,0,1.1,80.7,1,1.1,6.77,0.8,0.5,0.9,0.0,0.1,0.7,0.1,0,1.1,0.4,1.4,1.2,0.3,0.8,1.3,16.9,80.7,0.2,0.3,0.0
Jasper Cillessen,LaLiga,Valencia,nl,30,GoalKeeper,185,83,14,0,1197,0,1,1,0,0.0,56.7,1,0.3,6.76,0.0,0.1,0.0,0.0,0.6,0.1,0.0,0,0.0,0.1,0.0,0.1,0.0,0.0,0.1,23.3,56.7,0.0,4.6,0.0
Gonçalo Guedes,LaLiga,Valencia,pt,23,Attacker,179,68,5,1,444,0,0,0,0,1.5,79.1,1,0.2,6.67,0.5,0.5,1.3,0.0,0.0,1.3,0.0,0,1.5,1.0,2.2,3.3,0.3,1.5,2.2,24.7,79.1,0.3,0.8,0.2
Gabriel Paulista,LaLiga,Valencia,br,29,Defender,185,72,13,1,1186,0,0,2,0,0.3,89.7,0,2.0,6.64,0.9,1.9,0.5,0.6,4.4,0.4,1.1,0,0.3,0.0,0.1,0.9,0.0,0.1,0.3,49.4,89.7,0.0,3.4,0.0
Daniel Wass,LaLiga,Valencia,dk,30,Defender,181,74,14,1,1267,1,2,3,0,0.7,81.3,0,1.5,6.6,0.9,0.9,0.7,0.1,2.2,1.1,0.2,0,0.7,0.6,0.3,1.0,0.0,0.5,0.7,39.5,81.3,0.1,0.9,0.0
Geoffrey Kondogbia,LaLiga,Valencia,fr,26,Defender,188,80,8,1,663,0,0,3,0,0.6,83.5,0,1.9,6.58,1.9,2.0,1.8,0.0,1.0,0.8,0.6,0,0.6,0.1,0.6,1.3,0.1,0.8,1.6,39.8,83.5,0.0,2.7,0.0
Kevin Gameiro,LaLiga,Valencia,fr,32,Forward,172,70,7,4,638,4,1,0,0,1.1,78.1,1,0.1,6.58,0.6,0.2,0.5,0.0,0.2,0.8,0.0,0,1.1,0.5,0.8,0.4,0.3,0.7,1.6,14.1,78.1,0.0,0.3,0.0
Francis Coquelin,LaLiga,Valencia,fr,28,Midfielder,176,74,11,1,925,0,0,1,1,0.5,90.7,0,0.9,6.57,1.3,1.8,1.0,0.0,1.0,0.8,0.3,0,0.5,0.2,0.9,1.0,0.1,1.5,1.2,41.3,90.7,0.0,3.3,0.0
Mouctar Diakhaby,LaLiga,Valencia,fr,22,Defender,189,78,4,3,415,0,0,1,0,0.0,87.9,0,2.0,6.51,0.3,0.3,1.0,0.4,3.0,0.0,0.3,0,0.0,0.1,0.1,0.9,0.0,0.1,0.3,33.0,87.9,0.1,1.3,0.0
Ezequiel Garay,LaLiga,Valencia,ar,33,Defender,189,90,13,0,1126,0,0,2,0,0.5,88.9,0,1.6,6.5,0.6,0.6,0.6,0.2,4.1,0.2,0.9,0,0.5,0.2,0.0,0.0,0.0,0.0,0.1,54.1,88.9,0.0,2.8,0.0
José Gayá,LaLiga,Valencia,es,24,Defender,172,66,9,1,778,0,0,2,0,0.3,80.4,0,0.7,6.49,2.1,0.8,0.7,0.0,1.7,0.5,0.3,0,0.3,0.5,0.7,1.0,0.0,0.7,0.8,28.1,80.4,0.4,1.0,0.0
Rubén Sobrino,LaLiga,Valencia,es,27,Attacker,185,73,0,5,56,1,0,0,0,0.8,58.3,0,0.4,6.43,0.6,0.0,0.6,0.0,0.0,0.2,0.0,0,0.8,0.4,0.2,0.6,0.0,0.8,1.0,2.4,58.3,0.2,0.2,0.0
Thierry Correia,LaLiga,Valencia,,20,Defender,176,69,2,0,180,0,0,0,0,0.0,72.3,0,1.5,6.42,3.0,1.0,1.5,0.5,3.0,0.0,0.0,0,0.0,0.5,0.0,2.5,0.0,1.0,1.0,32.5,72.3,0.0,1.5,0.5
Cristiano Piccini,LaLiga,Valencia,it,27,Defender,183,77,1,1,75,0,0,0,0,0.5,73.9,0,0.0,6.38,2.5,1.0,0.5,0.0,0.0,0.0,0.0,0,0.5,0.0,0.5,0.5,0.0,0.5,1.0,23.0,73.9,0.5,1.0,0.0
Carlos Soler,LaLiga,Valencia,es,22,Midfielder,180,76,5,2,453,0,0,1,0,0.9,81.5,0,0.1,6.37,0.9,0.1,0.6,0.0,0.3,1.1,0.1,0,0.9,0.6,1.1,0.9,0.1,0.3,1.1,20.9,81.5,0.1,0.9,0.0
Manu Vallejo,LaLiga,Valencia,es,22,Forward,167,72,2,4,264,0,0,0,0,0.7,73.5,0,0.3,6.3,1.0,0.3,0.8,0.0,0.0,0.5,0.0,0,0.7,0.7,0.7,0.5,0.2,1.3,1.7,8.2,73.5,0.2,0.5,0.0
Denis Cheryshev,LaLiga,Valencia,ru,28,Attacker,179,74,5,3,425,1,1,5,0,1.1,69.0,0,0.9,6.29,0.6,0.3,1.6,0.0,0.3,0.6,0.0,0,1.1,0.1,0.5,0.6,0.0,0.3,0.9,15.8,69.0,0.0,0.4,0.0
Lee Kang-In,LaLiga,Valencia,kr,18,Midfielder,173,68,2,6,222,1,0,1,1,0.6,89.9,0,0.0,6.21,0.3,0.3,0.8,0.0,0.0,0.1,0.0,0,0.6,0.4,0.8,0.5,0.0,0.6,1.3,9.9,89.9,0.3,0.1,0.1
Eliaquim Mangala,LaLiga,Valencia,fr,28,Defender,188,84,2,0,180,0,0,0,0,0.5,88.4,0,1.5,6.15,0.0,0.5,1.0,0.5,6.0,0.0,0.5,0,0.5,0.0,0.0,0.0,0.0,0.0,0.0,34.5,88.4,0.0,0.5,0.0
Vicente Esquerdo,LaLiga,Valencia,es,20,Midfielder,182,75,0,1,7,0,0,0,0,0.0,75.0,0,1.0,6.13,1.0,0.0,0.0,0.0,1.0,0.0,0.0,0,0.0,0.0,0.0,0.0,0.0,1.0,1.0,4.0,75.0,0.0,0.0,0.0
Víctor Díaz,LaLiga,Granada,es,31,Defender,184,71,16,0,1440,0,5,1,0,0.6,69.3,1,1.5,6.99,2.2,1.3,0.6,0.2,2.6,0.9,0.6,0,0.6,1.1,0.3,0.4,0.1,0.1,0.6,32.8,69.3,0.9,2.9,0.0
Yangel Herrera,LaLiga,Granada,ve,21,Defender,184,78,12,1,1038,2,0,6,0,1.3,79.3,1,2.2,6.95,2.8,0.8,2.9,0.0,0.9,1.5,0.6,0,1.3,0.5,0.4,1.5,0.2,1.0,1.2,31.5,79.3,0.0,1.8,0.1
Ángel Montoro,LaLiga,Granada,es,31,Defender,181,72,10,1,838,0,4,4,0,0.9,79.7,2,0.2,6.83,1.4,1.1,1.8,0.3,1.1,0.8,0.1,0,0.9,1.5,0.5,1.4,0.0,0.5,0.8,41.2,79.7,1.1,4.2,0.0
Antonio Puertas,LaLiga,Granada,es,27,Attacker,183,77,15,1,1327,4,0,3,0,1.5,75.5,0,1.9,6.83,1.2,0.4,1.3,0.1,0.5,0.8,0.1,0,1.5,0.4,1.6,1.6,0.1,1.6,2.1,22.2,75.5,0.3,0.3,0.0
Germán Sánchez,LaLiga,Granada,,33,Defender,187,82,12,1,1072,2,0,6,0,0.5,79.6,1,3.0,6.77,0.5,1.2,1.0,0.5,3.8,0.1,0.7,0,0.5,0.0,0.1,1.0,0.0,0.0,0.0,33.5,79.6,0.0,2.9,0.0
Darwin Machís,LaLiga,Granada,ve,26,Attacker,170,68,8,9,896,2,1,2,0,1.8,76.7,1,0.8,6.75,0.6,0.8,1.1,0.0,0.1,0.3,0.0,0,1.8,0.8,1.5,0.9,0.3,0.6,1.4,12.4,76.7,0.4,0.5,0.0
Álvaro Vadillo,LaLiga,Granada,es,25,Attacker,180,69,10,5,890,3,1,0,0,0.9,73.4,0,0.3,6.71,0.8,0.4,0.5,0.0,0.1,0.4,0.0,0,0.9,1.1,1.2,1.0,0.3,0.9,1.1,18.8,73.4,1.6,0.1,0.0
Rui Silva,LaLiga,Granada,pt,25,GoalKeeper,191,91,17,0,1530,0,0,1,0,0.0,52.7,0,0.1,6.69,0.1,0.0,0.0,0.0,0.9,0.0,0.0,0,0.0,0.1,0.0,0.1,0.0,0.0,0.0,32.5,52.7,0.0,8.2,0.0
Maxime Gonalons,LaLiga,Granada,fr,30,Defender,187,76,9,2,831,0,0,4,0,0.2,84.3,0,1.3,6.66,3.0,0.7,1.5,0.2,1.0,1.7,0.2,0,0.2,0.1,0.5,1.3,0.0,0.5,0.6,29.5,84.3,0.0,2.2,0.0
Carlos Fernández,LaLiga,Granada,es,23,Forward,185,72,6,9,778,3,1,4,0,0.9,64.1,1,2.5,6.66,0.7,0.3,1.7,0.1,0.7,0.9,0.1,0,0.9,0.5,0.6,0.9,0.1,0.5,1.2,14.9,64.1,0.0,0.3,0.0
Quini,LaLiga,Granada,es,30,Defender,178,74,8,2,717,0,0,2,0,1.0,75.2,0,0.8,6.63,2.5,1.0,0.8,0.4,1.1,0.9,0.1,0,1.0,0.7,0.6,0.6,0.0,0.5,0.6,21.0,75.2,0.2,1.4,0.0
Domingos Duarte,LaLiga,Granada,pt,24,Defender,192,80,17,0,1486,2,0,3,0,0.4,82.3,1,1.5,6.59,0.5,0.9,0.9,0.5,3.9,0.1,0.8,0,0.4,0.0,0.1,0.4,0.1,0.0,0.2,34.8,82.3,0.0,2.2,0.0
Roberto Soldado,LaLiga,Granada,es,34,Forward,180,74,14,1,1069,2,2,7,0,0.5,74.1,0,1.3,6.55,0.5,0.2,1.3,0.0,0.5,0.3,0.1,0,0.5,0.9,0.4,1.7,0.6,0.8,1.1,15.5,74.1,0.0,0.2,0.0
Fede Vico,LaLiga,Granada,es,25,Midfielder,176,70,4,1,265,1,0,0,0,1.2,82.6,0,0.2,6.39,0.0,0.2,0.4,0.0,0.2,1.0,0.0,0,1.2,1.0,0.8,0.8,0.0,1.2,1.2,18.4,82.6,0.8,0.8,0.0
Carlos Neva,LaLiga,Granada,es,23,Defender,174,64,9,1,855,0,0,1,0,0.3,70.1,0,0.3,6.35,0.8,0.6,0.2,0.2,1.2,0.5,0.0,0,0.3,0.6,0.1,0.9,0.0,0.1,0.4,25.1,70.1,0.5,1.1,0.0
José Antonio Martínez,LaLiga,Granada,es,26,Defender,189,79,6,4,582,0,0,0,0,0.0,76.8,0,1.4,6.31,0.8,0.4,0.3,0.3,1.7,0.5,0.3,0,0.0,0.0,0.0,0.3,0.0,0.1,0.2,22.8,76.8,0.0,2.3,0.0
Ramón Azeez,LaLiga,Granada,ng,27,Midfielder,169,67,7,5,627,2,0,2,0,1.3,85.8,0,0.4,6.28,0.4,0.7,1.3,0.0,0.3,0.5,0.0,0,1.3,0.2,0.2,0.8,0.1,0.5,0.6,12.9,85.8,0.0,0.3,0.0
Yan Eteki,LaLiga,Granada,cm,22,Midfielder,180,70,4,4,363,0,0,1,0,0.4,81.7,0,0.8,6.22,0.8,0.4,2.5,0.0,0.4,0.5,0.1,0,0.4,0.3,0.9,0.8,0.0,0.5,0.8,13.0,81.7,0.0,0.8,0.0
Adrián Ramos,LaLiga,Granada,co,33,Forward,186,78,2,4,188,0,0,0,0,0.8,69.5,0,1.5,6.2,0.8,0.2,0.8,0.0,0.2,0.2,0.0,0,0.8,0.2,0.0,0.7,0.3,0.3,1.0,9.8,69.5,0.0,0.2,0.0
Ismail Köybasi,LaLiga,Granada,tr,30,Defender,178,75,1,0,46,0,0,0,0,0.0,40.0,0,1.0,6.01,1.0,1.0,1.0,0.0,0.0,0.0,0.0,0,0.0,0.0,1.0,0.0,0.0,2.0,2.0,15.0,40.0,0.0,2.0,0.0
Álex Martínez,LaLiga,Granada,es,29,Defender,176,67,1,0,1,0,0,1,0,0.0,0.0,0,0.0,6.0,0.0,0.0,0.0,0.0,0.0,0.0,0.0,0,0.0,0.0,0.0,0.0,0.0,0.0,0.0,0.0,0.0,0.0,0.0,0.0
Chimy Avila,LaLiga,Osasuna,ar,25,Attacker,172,81,14,2,1265,6,2,6,0,3.1,56.9,4,3.3,7.12,1.0,0.2,2.3,0.0,0.1,0.7,0.0,0,3.1,1.2,0.8,2.1,1.2,1.5,2.3,15.4,56.9,0.3,0.8,0.0
Pervis Estupiñán,LaLiga,Osasuna,ec,21,Defender,175,73,17,0,1530,1,2,3,0,0.5,76.6,3,1.4,7.09,2.4,1.9,1.0,0.2,1.7,1.1,0.1,0,0.5,1.2,1.9,0.9,0.1,0.8,1.9,38.9,76.6,1.2,1.4,0.0
Roberto Torres,LaLiga,Osasuna,es,30,Attacker,178,72,16,1,1402,4,3,1,0,2.8,72.5,2,0.8,6.94,0.9,0.8,0.5,0.1,1.3,0.9,0.1,0,2.8,1.4,0.6,1.2,0.0,0.8,1.3,29.1,72.5,1.2,1.9,0.0
Rubén García,LaLiga,Osasuna,es,26,Attacker,171,72,14,1,1177,5,1,3,0,1.8,75.4,1,0.5,6.93,2.1,0.4,1.5,0.0,0.7,0.8,0.2,0,1.8,1.6,0.9,0.8,0.1,1.3,2.8,31.5,75.4,1.3,1.8,0.0
Sergio Herrera,LaLiga,Osasuna,es,26,GoalKeeper,192,82,2,1,251,0,0,1,0,0.0,48.0,0,0.3,6.89,0.0,0.0,0.0,0.0,0.3,0.0,0.0,0,0.0,0.0,0.0,1.0,0.0,0.0,0.0,25.0,48.0,0.0,7.7,0.0
Nacho Vidal,LaLiga,Osasuna,es,24,Defender,180,75,12,0,1018,0,0,3,0,0.4,72.0,0,1.8,6.87,1.3,1.4,1.1,0.4,1.9,0.7,0.4,0,0.4,0.6,1.1,1.3,0.0,0.2,1.1,37.3,72.0,0.3,3.0,0.2
David García,LaLiga,Osasuna,es,25,Defender,185,72,13,0,1170,0,0,2,0,0.6,75.3,1,4.8,6.86,0.8,1.1,1.5,0.8,3.9,0.5,0.6,0,0.6,0.2,0.0,0.5,0.0,0.1,0.4,39.2,75.3,0.0,4.8,0.1
Aridane Hernández,LaLiga,Osasuna,es,30,Defender,186,77,12,0,1080,0,0,2,0,0.1,82.1,0,3.4,6.86,0.7,1.3,0.3,1.2,4.6,0.1,0.8,0,0.1,0.2,0.2,0.3,0.0,0.2,0.7,36.3,82.1,0.0,3.5,0.0
Oier Sanjurjo,LaLiga,Osasuna,es,33,Defender,178,72,13,0,1089,1,0,5,1,0.7,72.8,0,3.2,6.75,2.2,0.9,1.8,0.1,1.7,1.5,0.3,0,0.7,0.5,0.2,1.6,0.1,0.5,0.7,33.4,72.8,0.1,1.8,0.0
Juan Pérez,LaLiga,Osasuna,es,23,GoalKeeper,187,83,2,0,180,0,0,0,0,0.0,40.7,0,0.0,6.67,0.5,0.0,0.0,0.0,0.0,0.5,0.0,0,0.0,0.0,0.0,0.0,0.0,0.0,0.0,27.0,40.7,0.0,6.5,0.0
Darko Brasanac,LaLiga,Osasuna,rs,27,Midfielder,178,73,10,2,885,0,1,2,0,0.9,76.6,0,1.4,6.61,2.0,0.7,1.6,0.0,0.9,0.8,0.2,0,0.9,0.9,0.2,0.8,0.1,0.6,1.3,26.7,76.6,0.1,0.6,0.0
Facundo Roncaglia,LaLiga,Osasuna,ar,32,Defender,179,76,8,0,682,1,0,1,1,0.3,79.4,0,2.9,6.57,1.8,1.1,1.4,0.9,2.0,0.6,0.4,0,0.3,0.3,1.0,0.8,0.0,0.3,0.5,41.9,79.4,0.0,4.1,0.0
Unai García,LaLiga,Osasuna,es,27,Defender,186,81,0,1,18,0,0,0,0,0.0,100.0,0,1.0,6.54,0.0,0.0,0.0,2.0,5.0,0.0,0.0,0,0.0,0.0,1.0,0.0,0.0,0.0,0.0,2.0,100.0,0.0,2.0,0.0
Jon Moncayola,LaLiga,Osasuna,es,21,Defender,189,86,6,6,630,1,0,4,0,0.3,74.8,0,0.8,6.47,1.8,0.4,1.2,0.2,0.8,0.6,0.2,0,0.3,0.5,0.3,0.2,0.0,0.3,0.8,23.2,74.8,0.1,2.1,0.0
Fran Mérida,LaLiga,Osasuna,es,29,Attacker,177,74,9,4,804,0,0,4,1,0.7,77.4,0,0.3,6.42,1.3,1.5,0.8,0.0,0.5,0.8,0.2,0,0.7,0.5,1.1,0.9,0.0,0.8,0.9,37.8,77.4,0.1,4.4,0.1
Robert Ibáñez,LaLiga,Osasuna,es,26,Attacker,175,67,3,6,327,1,0,1,0,0.4,76.3,0,0.1,6.42,1.0,0.4,0.6,0.0,0.3,0.9,0.0,0,0.4,0.3,1.0,1.3,0.1,1.1,1.6,10.8,76.3,0.0,0.0,0.0
Raúl Navas,LaLiga,Osasuna,es,31,Defender,186,84,4,1,395,0,0,1,0,0.0,83.9,0,0.8,6.38,0.8,1.6,0.6,1.4,3.2,0.8,0.2,0,0.0,0.2,0.0,0.6,0.0,0.4,0.2,34.8,83.9,0.0,3.0,0.0
Rubén Martínez,LaLiga,Osasuna,es,35,GoalKeeper,188,79,13,0,1099,0,0,0,0,0.0,47.1,0,0.2,6.36,0.1,0.0,0.0,0.0,0.6,0.0,0.0,0,0.0,0.0,0.1,0.1,0.0,0.0,0.0,24.0,47.1,0.0,7.0,0.0
Adrián López,LaLiga,Osasuna,es,31,Midfielder,183,73,5,5,479,0,0,0,0,0.5,75.3,0,1.1,6.35,0.2,0.0,0.3,0.0,0.2,0.8,0.1,0,0.5,1.2,0.7,0.1,0.2,0.8,1.1,17.8,75.3,0.1,0.3,0.0
Lillo,LaLiga,Osasuna,es,30,Defender,176,71,2,2,194,0,0,2,0,0.3,80.6,0,0.8,6.35,1.0,0.5,0.8,0.3,1.8,0.0,0.3,0,0.3,0.3,0.8,0.5,0.3,0.8,0.3,23.3,80.6,0.3,2.5,0.0
Juan Villar,LaLiga,Osasuna,es,31,Forward,182,72,2,5,214,1,0,0,0,0.7,63.6,0,0.9,6.25,0.1,0.1,1.0,0.0,0.0,0.3,0.1,0,0.7,0.3,0.1,0.3,0.7,0.4,0.9,9.4,63.6,0.0,0.0,0.0
Marc Cardona,LaLiga,Osasuna,es,24,Forward,183,70,5,4,414,1,1,1,0,0.8,77.7,0,0.6,6.23,0.0,0.1,0.6,0.0,0.2,0.6,0.0,0,0.8,0.7,0.4,0.6,0.4,0.6,1.6,10.4,77.7,0.0,0.3,0.0
Iñigo Pérez,LaLiga,Osasuna,es,31,Midfielder,178,74,0,4,37,0,0,0,0,0.8,68.5,0,0.3,6.2,0.8,0.3,0.0,0.0,0.0,0.3,0.0,0,0.8,0.0,0.3,0.0,0.0,0.3,0.8,13.5,68.5,0.0,1.0,0.0
Brandon,LaLiga,Osasuna,es,24,Forward,173,71,5,3,408,0,1,4,0,1.0,68.5,0,0.6,6.16,0.6,0.0,0.8,0.0,0.1,0.6,0.0,0,1.0,0.5,0.5,0.8,0.0,1.6,1.9,13.9,68.5,0.4,0.1,0.0
Luis Perea,LaLiga,Osasuna,es,22,Midfielder,192,80,0,2,19,0,0,0,0,0.0,87.5,0,0.5,6.07,0.0,0.0,0.0,0.0,0.5,0.0,0.0,0,0.0,0.0,0.0,0.5,0.0,0.0,0.0,4.0,87.5,0.0,0.0,0.0
José Campaña,LaLiga,Levante,es,26,Midfielder,179,70,16,0,1407,2,4,0,1,1.4,81.4,1,1.1,7.07,1.1,1.1,1.0,0.0,1.1,0.9,0.1,0,1.4,2.8,1.5,1.3,0.1,0.9,1.9,51.7,81.4,1.3,2.6,0.1
Aitor Fernández,LaLiga,Levante,es,28,GoalKeeper,182,78,17,0,1530,0,0,2,0,0.0,59.9,0,0.4,6.92,0.1,0.1,0.0,0.0,1.1,0.0,0.0,0,0.0,0.1,0.0,0.1,0.0,0.0,0.0,25.6,59.9,0.0,6.4,0.0
Rubén Rochina,LaLiga,Levante,es,28,Midfielder,182,76,8,5,777,2,0,2,0,2.5,72.8,2,0.9,6.86,1.5,0.6,1.2,0.0,0.3,1.4,0.0,0,2.5,0.8,1.7,1.8,0.1,1.3,1.5,28.3,72.8,0.5,3.4,0.2
Nemanja Radoja,LaLiga,Levante,rs,26,Defender,186,77,12,1,1099,1,0,2,0,0.1,84.8,0,2.2,6.83,2.2,1.2,0.6,0.0,1.1,1.3,0.1,0,0.1,0.4,1.2,1.1,0.2,0.8,0.7,38.5,84.8,0.2,1.9,0.0
Rúben Vezo,LaLiga,Levante,pt,25,Defender,182,80,14,0,1260,0,0,4,0,0.5,80.8,0,3.2,6.75,1.3,1.6,1.1,1.1,5.7,0.6,0.9,0,0.5,0.1,0.1,1.1,0.0,0.1,0.2,41.3,80.8,0.0,3.7,0.0
Toño,LaLiga,Levante,es,30,Defender,179,69,5,0,450,0,0,0,0,0.2,80.5,0,1.6,6.72,1.4,0.4,0.6,0.0,1.8,0.8,0.2,0,0.2,1.4,1.0,1.6,0.0,1.0,1.0,38.0,80.5,1.0,1.8,0.0
Sergio Postigo,LaLiga,Levante,es,31,Defender,184,78,11,0,942,1,0,3,0,0.3,82.8,1,1.2,6.63,0.8,1.3,0.6,0.6,3.9,0.4,0.5,0,0.3,0.5,0.5,0.5,0.1,0.1,0.1,36.9,82.8,0.0,3.4,0.1
Erick Cabaco,LaLiga,Levante,uy,24,Defender,185,84,5,2,454,0,0,2,0,0.0,78.0,0,1.1,6.63,0.7,0.9,0.7,1.0,4.9,0.0,0.7,0,0.0,0.1,0.3,0.4,0.0,0.0,0.1,27.3,78.0,0.0,3.7,0.0
Carlos Clerc,LaLiga,Levante,es,27,Defender,182,72,12,0,1080,0,1,4,0,0.2,69.8,0,1.6,6.61,1.3,1.2,1.1,0.5,2.2,0.5,0.3,0,0.2,0.3,1.1,1.1,0.1,0.3,1.6,33.4,69.8,0.3,1.6,0.0
Enis Bardhi,LaLiga,Levante,mk,24,Attacker,172,67,8,4,770,2,1,3,0,1.8,75.9,1,0.3,6.59,1.2,0.5,1.7,0.0,0.3,0.8,0.2,0,1.8,1.0,0.7,1.4,0.3,0.8,1.7,24.5,75.9,0.5,0.8,0.0
Borja Mayoral,LaLiga,Levante,es,22,Forward,182,74,10,4,911,3,0,0,0,1.4,76.4,0,0.7,6.57,0.4,0.1,0.4,0.0,0.4,0.2,0.0,0,1.4,0.6,1.0,0.9,0.4,1.1,1.1,16.9,76.4,0.1,1.2,0.0
Jorge Miramón,LaLiga,Levante,es,30,Defender,175,74,14,2,1255,0,3,2,0,0.4,75.8,0,0.8,6.54,1.6,1.0,0.4,0.1,1.6,0.4,0.3,0,0.4,0.8,0.4,0.9,0.0,0.4,0.8,30.0,75.8,0.6,1.6,0.0
Gonzalo Melero,LaLiga,Levante,es,25,Attacker,183,77,7,3,566,1,1,2,0,0.9,82.6,0,1.2,6.51,0.9,0.2,1.2,0.0,0.7,1.2,0.3,0,0.9,0.5,0.3,1.3,0.1,0.7,1.1,23.6,82.6,0.1,1.1,0.1
José Luis Morales,LaLiga,Levante,es,32,Defender,180,70,16,1,1395,1,1,1,0,1.4,70.1,1,0.1,6.5,0.7,0.2,0.5,0.0,0.1,0.7,0.0,0,1.4,1.1,1.4,0.4,0.5,1.5,2.3,18.7,70.1,0.5,0.5,0.1
Roger Martí,LaLiga,Levante,es,28,Forward,179,74,9,7,815,6,0,2,0,1.6,64.3,2,0.9,6.48,0.4,0.1,0.9,0.0,0.4,0.4,0.0,1,1.6,0.4,0.2,0.9,0.3,0.5,1.4,9.6,64.3,0.0,0.4,0.0
Hernâni,LaLiga,Levante,pt,28,Attacker,180,70,4,3,342,2,0,0,1,1.4,68.5,0,0.4,6.39,0.4,0.3,0.3,0.0,0.1,0.3,0.0,0,1.4,0.9,0.6,1.1,0.4,0.4,0.7,7.7,68.5,0.4,0.4,0.0
Nikola Vukcevic,LaLiga,Levante,me,28,Defender,184,76,7,6,567,0,1,4,0,0.2,84.6,0,0.7,6.32,1.1,0.3,0.8,0.1,0.2,0.8,0.4,0,0.2,0.2,0.3,0.9,0.0,0.2,0.2,16.5,84.6,0.0,0.8,0.1
Óscar Duarte,LaLiga,Levante,cr,30,Defender,186,81,3,2,302,0,0,0,0,0.6,86.6,0,1.2,6.29,1.6,0.4,1.6,0.0,3.8,0.0,0.8,0,0.6,0.0,0.0,0.4,0.0,0.0,0.2,26.8,86.6,0.0,2.6,0.0
Coke,LaLiga,Levante,es,32,Defender,182,78,4,3,368,0,0,2,0,0.4,76.6,0,0.4,6.17,0.7,0.7,1.0,0.0,0.7,1.1,0.0,0,0.4,0.1,0.9,0.9,0.0,0.1,0.9,25.0,76.6,0.0,2.3,0.0
Sergio León,LaLiga,Levante,es,30,Forward,178,73,4,6,411,1,0,2,0,1.4,61.1,0,0.6,6.13,0.1,0.0,0.6,0.0,0.2,0.1,0.0,0,1.4,0.0,0.1,0.4,0.9,0.5,1.1,5.4,61.1,0.1,0.1,0.0
Pablo Martínez,LaLiga,Levante,,21,Midfielder,182,74,0,1,8,0,0,0,0,0.0,100.0,0,0.0,6.02,0.0,0.0,0.0,0.0,0.0,0.0,0.0,0,0.0,0.0,0.0,1.0,0.0,1.0,0.0,6.0,100.0,0.0,0.0,0.0
Gonzalo Pereira,LaLiga,Levante,,22,Defender,180,75,0,1,13,0,0,0,0,0.0,100.0,0,0.0,6.0,1.0,0.0,0.0,0.0,0.0,0.0,0.0,0,0.0,0.0,0.0,0.0,0.0,0.0,0.0,6.0,100.0,0.0,0.0,0.0
Eliseo Falcón,LaLiga,Levante,,22,Defender,0,0,1,0,74,0,0,0,1,0.0,87.0,0,1.0,4.71,0.0,0.0,2.0,0.0,2.0,0.0,0.0,0,0.0,0.0,2.0,0.0,0.0,0.0,0.0,23.0,87.0,0.0,1.0,0.0
Nabil Fekir,LaLiga,Real Betis,fr,26,Attacker,173,72,12,1,1090,4,0,4,0,3.1,81.0,5,0.9,7.46,1.4,0.2,2.3,0.0,0.1,0.8,0.2,0,3.1,1.2,3.5,4.1,0.3,1.8,2.1,26.3,81.0,0.5,0.8,0.0
Joaquín,LaLiga,Real Betis,es,38,Midfielder,179,75,11,4,919,6,2,3,0,1.2,85.2,2,0.3,7.02,0.5,0.3,0.4,0.0,0.5,0.3,0.1,0,1.2,2.0,1.3,0.7,0.2,0.9,0.9,27.9,85.2,0.9,0.9,0.0
Emerson,LaLiga,Real Betis,br,20,Defender,181,79,13,0,1170,2,4,4,0,1.1,74.8,0,1.9,6.94,2.8,0.7,1.2,0.2,2.0,1.6,0.2,0,1.1,0.9,0.4,2.6,0.0,1.0,1.5,36.9,74.8,0.5,1.7,0.1
Loren Morón,LaLiga,Real Betis,es,25,Forward,188,66,12,3,1101,8,2,2,1,2.0,65.7,0,1.3,6.87,0.7,0.4,1.1,0.0,0.7,0.6,0.2,0,2.0,0.6,0.5,1.7,0.9,1.1,2.7,9.5,65.7,0.0,0.3,0.0
Sidnei,LaLiga,Real Betis,br,30,Defender,185,80,7,0,592,0,0,0,0,0.3,89.9,0,3.0,6.81,1.4,1.4,0.4,0.7,4.3,0.4,1.1,0,0.3,0.0,0.1,0.4,0.0,0.1,0.3,55.4,89.9,0.0,5.0,0.0
Álex Moreno,LaLiga,Real Betis,es,26,Defender,179,68,9,3,815,0,2,1,0,0.9,77.4,0,0.8,6.8,1.1,0.4,0.8,0.2,1.4,0.8,0.4,0,0.9,0.9,1.9,1.4,0.2,1.2,1.1,24.8,77.4,0.8,0.5,0.0
Marc Bartra,LaLiga,Real Betis,es,28,Defender,184,70,12,1,1073,0,1,1,0,0.6,86.0,0,2.5,6.78,2.2,1.2,0.8,1.1,4.4,0.8,0.8,0,0.6,0.1,0.5,1.2,0.0,0.4,0.8,44.4,86.0,0.0,2.5,0.0
Aissa Mandi,LaLiga,Real Betis,dz,28,Defender,184,78,12,0,1080,0,0,5,0,0.5,89.8,0,2.6,6.77,1.3,1.8,0.9,1.1,3.7,0.3,0.8,0,0.5,0.3,0.0,0.6,0.2,0.3,0.3,56.2,89.8,0.0,4.2,0.0
Joel Robles,LaLiga,Real Betis,es,29,GoalKeeper,195,78,15,0,1268,0,0,2,1,0.0,68.2,2,0.3,6.73,0.0,0.0,0.1,0.0,0.6,0.0,0.0,0,0.0,0.0,0.0,0.1,0.0,0.0,0.1,29.1,68.2,0.0,5.5,0.0
Sergio Canales,LaLiga,Real Betis,es,28,Attacker,176,65,15,0,1304,1,1,2,0,1.3,87.6,0,0.1,6.68,0.8,0.4,0.8,0.1,0.5,0.5,0.1,0,1.3,1.7,1.1,0.9,0.0,1.2,1.2,54.7,87.6,1.1,3.5,0.1
Edgar González,LaLiga,Real Betis,es,22,Defender,193,78,2,0,149,0,0,1,0,0.5,88.7,0,2.5,6.68,0.5,1.5,1.0,0.0,1.5,1.5,0.5,0,0.5,0.0,0.5,0.5,0.0,0.0,0.0,35.5,88.7,0.0,0.0,0.0
Antonio Barragán,LaLiga,Real Betis,es,32,Defender,182,76,3,2,284,0,1,1,0,0.0,87.3,0,0.8,6.59,0.2,1.2,0.6,0.2,2.6,0.0,0.2,0,0.0,0.8,0.2,1.0,0.0,0.2,0.6,30.0,87.3,0.4,0.6,0.0
Zouhair Feddal,LaLiga,Real Betis,ma,29,Defender,192,83,7,0,591,0,0,5,0,0.3,84.6,0,2.1,6.56,1.3,1.0,1.0,0.7,5.7,0.3,0.3,0,0.3,0.1,0.3,0.6,0.0,0.0,0.3,53.9,84.6,0.0,4.9,0.0
Alfonso Pedraza,LaLiga,Real Betis,es,23,Defender,184,73,9,2,783,0,0,1,0,0.7,75.0,0,0.4,6.53,1.8,0.8,0.9,0.5,1.4,0.7,0.5,0,0.7,0.5,1.0,1.1,0.1,0.5,1.3,29.5,75.0,0.5,1.5,0.0
Borja Iglesias,LaLiga,Real Betis,es,26,Forward,187,86,8,7,764,1,2,1,0,1.0,73.8,0,1.1,6.41,0.3,0.1,0.9,0.0,0.5,0.1,0.0,0,1.0,0.7,0.5,0.6,0.3,0.9,1.6,9.7,73.8,0.1,0.1,0.1
Andrés Guardado,LaLiga,Real Betis,mx,33,Defender,169,60,11,2,989,0,1,5,0,0.5,82.3,0,0.5,6.4,1.1,0.8,1.2,0.1,1.1,1.0,0.2,0,0.5,1.1,0.5,1.0,0.0,0.5,1.5,36.5,82.3,0.2,2.9,0.0
William Carvalho,LaLiga,Real Betis,pt,27,Defender,187,79,6,0,475,0,0,3,1,0.7,86.8,0,1.5,6.31,0.7,0.5,1.0,0.0,0.7,0.5,0.7,0,0.7,0.8,1.7,0.7,0.0,0.7,0.5,51.8,86.8,0.0,2.7,0.0
Javi García,LaLiga,Real Betis,es,32,Defender,187,82,4,3,360,0,0,2,0,0.4,83.3,0,2.9,6.3,0.3,0.6,0.4,0.0,2.0,0.1,0.0,1,0.4,0.0,0.1,0.7,0.0,0.4,0.6,26.6,83.3,0.0,1.0,0.0
Diego Lainez,LaLiga,Real Betis,mx,19,Midfielder,168,58,1,6,136,0,0,0,0,0.4,73.5,0,0.1,6.15,0.4,0.0,0.6,0.0,0.1,0.1,0.0,0,0.4,0.0,0.6,1.0,0.0,0.7,0.6,4.9,73.5,0.0,0.0,0.0
Ismael Gutiérrez,LaLiga,Real Betis,,19,Midfielder,176,74,1,2,84,0,0,1,0,0.0,80.6,0,0.0,6.12,0.7,0.7,0.3,0.0,0.3,0.3,0.3,0,0.0,0.0,0.0,0.3,0.0,0.7,0.7,10.3,80.6,0.0,0.3,0.0
Wilfrid Kaptoum,LaLiga,Real Betis,cm,23,Defender,174,72,1,3,102,0,0,1,0,0.5,76.1,0,0.0,6.11,1.3,0.3,0.3,0.0,0.5,0.0,0.3,0,0.5,0.3,0.3,0.5,0.0,1.3,0.8,11.5,76.1,0.0,0.3,0.0
Cristian Tello,LaLiga,Real Betis,es,28,Midfielder,178,65,3,5,313,0,0,0,0,1.0,79.2,0,0.0,6.07,0.3,0.0,0.4,0.0,0.0,0.1,0.0,0,1.0,0.4,0.5,0.3,0.0,0.0,1.0,16.3,79.2,0.1,0.5,0.0
Juanmi,LaLiga,Real Betis,es,26,Attacker,172,69,1,1,75,0,0,0,0,1.5,80.0,0,0.5,6.02,0.0,0.0,0.0,0.0,0.0,0.5,0.0,0,1.5,0.0,0.0,0.0,0.0,0.0,2.5,2.5,80.0,0.0,0.0,0.0
Dani Martín,LaLiga,Real Betis,,21,GoalKeeper,187,76,1,1,170,0,0,0,0,0.0,64.6,0,0.5,5.92,0.0,0.0,0.0,0.0,0.5,0.0,0.0,0,0.0,0.0,0.0,0.0,0.0,0.0,0.0,24.0,64.6,0.0,5.0,0.0
Raul García,LaLiga,Real Betis,es,19,Forward,192,70,0,2,13,0,0,0,0,0.0,60.0,0,0.5,5.89,0.0,0.0,0.0,0.0,0.0,0.5,0.0,0,0.0,0.0,0.0,0.0,0.0,0.0,0.5,2.5,60.0,0.0,0.0,0.0
Gerard Moreno,LaLiga,Villarreal,es,27,Attacker,180,77,15,1,1330,8,2,1,0,3.1,75.3,3,1.6,7.42,0.7,0.4,1.3,0.1,1.7,1.2,0.1,0,3.1,1.9,1.8,1.4,0.4,1.5,2.4,29.8,75.3,0.3,2.3,0.3
Santi Cazorla,LaLiga,Villarreal,es,35,Midfielder,168,65,13,1,1106,5,4,1,0,2.1,86.1,1,0.4,7.38,1.9,0.4,0.9,0.0,0.2,1.5,0.1,0,2.1,2.7,1.6,1.1,0.1,1.3,1.8,45.8,86.1,1.6,4.1,0.1
André-Frank Zambo Anguissa,LaLiga,Villarreal,cm,24,Defender,184,78,14,1,1224,1,0,4,0,1.0,86.1,3,2.8,7.29,2.7,1.5,1.3,0.0,1.1,1.3,0.2,0,1.0,0.6,2.8,1.1,0.0,1.5,2.5,46.9,86.1,0.0,2.4,0.0
Vicente Iborra,LaLiga,Villarreal,es,31,Midfielder,190,80,15,0,1229,0,1,5,0,0.8,86.0,0,2.8,6.96,2.3,1.3,1.5,0.1,2.0,1.3,0.7,0,0.8,0.4,0.5,1.4,0.0,0.2,0.7,43.8,86.0,0.0,4.3,0.1
Moi Gómez,LaLiga,Villarreal,es,25,Midfielder,176,71,12,3,983,2,2,1,0,0.9,83.0,1,0.6,6.86,1.4,0.6,0.7,0.1,0.3,0.4,0.0,0,0.9,1.1,0.9,0.9,0.4,0.7,1.0,28.6,83.0,0.7,2.0,0.0
Samuel Chukwueze,LaLiga,Villarreal,ng,20,Attacker,172,70,8,7,878,3,1,0,0,1.7,72.6,0,0.4,6.85,0.9,0.1,0.3,0.0,0.5,0.4,0.1,0,1.7,1.3,1.9,1.0,0.1,0.7,1.7,20.7,72.6,0.1,1.1,0.1
Alberto Moreno,LaLiga,Villarreal,es,27,Defender,171,65,3,0,270,0,0,0,0,1.0,81.4,0,0.3,6.83,2.3,1.3,0.3,0.0,1.3,0.7,0.7,0,1.0,1.7,0.3,0.3,0.0,1.7,1.7,43.0,81.4,0.0,1.3,0.0
Sergio Asenjo,LaLiga,Villarreal,es,30,GoalKeeper,189,87,13,0,1170,0,0,1,0,0.0,72.5,0,0.2,6.79,0.0,0.0,0.2,0.0,0.8,0.2,0.0,0,0.0,0.0,0.0,0.1,0.0,0.0,0.1,24.1,72.5,0.0,4.7,0.0
Karl Toko Ekambi,LaLiga,Villarreal,cm,27,Attacker,185,74,11,5,961,5,2,0,0,2.2,78.7,1,0.6,6.74,0.3,0.2,0.4,0.0,0.1,0.2,0.0,0,2.2,0.6,1.3,0.4,0.4,0.8,1.8,13.5,78.7,0.1,0.3,0.0
Raúl Albiol,LaLiga,Villarreal,es,34,Defender,187,74,15,0,1348,0,0,6,0,0.6,84.7,0,1.9,6.73,1.2,1.1,1.0,0.9,5.3,0.3,0.8,0,0.6,0.2,0.1,0.5,0.1,0.0,0.3,54.5,84.7,0.1,6.2,0.1
Pau Torres,LaLiga,Villarreal,es,22,Defender,191,80,16,0,1440,1,1,2,0,0.3,84.5,0,1.5,6.68,1.1,0.6,0.9,0.4,4.5,0.1,0.8,0,0.3,0.4,0.1,0.2,0.0,0.3,0.4,61.1,84.5,0.0,6.5,0.1
Mario Gaspar,LaLiga,Villarreal,es,29,Defender,182,74,8,0,711,0,0,1,0,1.0,73.9,0,2.0,6.62,1.5,1.3,0.9,0.5,2.3,0.8,0.3,0,1.0,0.9,0.4,0.6,0.0,0.3,0.6,42.6,73.9,0.4,1.8,0.0
Xavi Quintillá,LaLiga,Villarreal,es,23,Defender,183,70,12,0,1077,0,2,4,0,0.2,86.1,0,0.4,6.59,1.5,0.5,1.7,0.4,1.9,0.6,0.3,0,0.2,1.3,0.2,0.6,0.0,0.1,0.5,47.5,86.1,0.7,1.3,0.0
Rubén Peña,LaLiga,Villarreal,es,28,Defender,170,65,9,1,837,0,1,1,0,0.3,82.2,1,0.4,6.57,1.7,1.2,1.7,0.4,2.2,1.6,0.2,1,0.3,0.8,0.8,0.5,0.0,0.7,1.5,44.9,82.2,0.6,3.3,0.0
Javier Ontiveros,LaLiga,Villarreal,es,22,Attacker,170,75,2,13,297,2,1,1,0,1.7,79.7,0,0.1,6.54,0.8,0.1,0.7,0.0,0.1,0.9,0.0,0,1.7,0.2,1.1,0.5,0.0,0.6,0.7,11.8,79.7,0.1,0.5,0.0
Manuel Morlanes,LaLiga,Villarreal,es,20,Midfielder,178,75,1,1,90,0,0,0,0,0.0,92.9,0,0.5,6.52,1.5,0.5,0.5,0.0,0.5,2.0,0.5,0,0.0,1.5,1.0,0.0,0.0,0.0,0.5,42.0,92.9,0.0,1.0,0.0
Manu Trigueros,LaLiga,Villarreal,es,28,Midfielder,178,75,3,6,290,0,1,1,0,0.4,86.2,0,0.3,6.46,0.8,0.1,0.6,0.0,0.3,0.6,0.2,0,0.4,1.4,0.1,0.8,0.0,0.3,0.4,20.9,86.2,0.4,1.2,0.0
Andrés Fernández,LaLiga,Villarreal,es,32,GoalKeeper,187,82,3,0,270,0,0,1,0,0.0,69.0,0,1.0,6.31,0.0,0.0,0.3,0.0,1.3,0.0,0.0,0,0.0,0.0,0.0,0.3,0.0,0.0,0.3,29.0,69.0,0.0,5.3,0.0
Carlos Bacca,LaLiga,Villarreal,co,33,Forward,181,77,2,8,241,0,0,1,0,0.6,68.8,0,0.6,6.09,0.3,0.0,0.5,0.0,0.1,0.0,0.0,0,0.6,0.1,0.2,0.0,0.3,0.0,0.8,4.8,68.8,0.0,0.0,0.0
Ramiro Funes Mori,LaLiga,Villarreal,ar,28,Defender,186,79,1,1,91,0,0,1,0,0.5,88.5,0,0.5,5.95,0.5,1.0,0.5,0.0,0.5,0.0,0.0,0,0.5,0.0,0.0,0.0,0.0,0.0,0.0,39.0,88.5,0.0,3.5,0.0
Guillermo Maripán,LaLiga,Deportivo Alaves,cl,25,Defender,193,84,1,0,90,0,0,0,0,0.0,75.0,0,5.0,7.54,1.0,2.0,0.0,1.0,9.0,1.0,0.0,0,0.0,0.0,0.0,0.0,0.0,0.0,0.0,12.0,75.0,0.0,1.0,0.0
Joselu,LaLiga,Deportivo Alaves,es,29,Forward,192,80,14,2,1268,7,0,3,0,2.5,52.3,5,8.1,7.31,1.0,0.4,1.7,0.1,1.6,0.7,0.1,0,2.5,0.4,0.3,1.5,0.3,1.2,2.9,26.3,52.3,0.1,0.9,0.0
Rodrigo Ely,LaLiga,Deportivo Alaves,br,26,Defender,188,83,11,0,956,0,0,2,0,0.2,77.4,0,3.7,6.88,1.0,1.8,1.2,0.5,5.3,0.6,0.7,0,0.2,0.0,0.2,0.5,0.1,0.1,0.3,43.0,77.4,0.0,4.3,0.0
Tomás Pina,LaLiga,Deportivo Alaves,es,32,Midfielder,184,78,12,1,899,1,0,3,0,0.1,82.1,0,1.8,6.84,2.2,0.9,1.8,0.1,2.0,0.6,0.2,0,0.1,0.2,0.5,0.9,0.0,0.3,0.5,25.8,82.1,0.0,0.9,0.0
Ximo Navarro,LaLiga,Deportivo Alaves,es,29,Defender,176,75,8,0,703,0,0,3,0,0.1,77.0,0,2.1,6.78,1.4,2.1,1.0,0.6,4.0,0.3,0.4,0,0.1,0.1,0.8,0.8,0.0,0.5,1.9,37.5,77.0,0.0,2.0,0.0
Lucas Pérez,LaLiga,Deportivo Alaves,es,31,Attacker,180,82,13,4,1176,8,2,2,0,1.4,70.1,1,0.3,6.76,0.5,0.1,0.8,0.0,0.0,0.2,0.1,0,1.4,1.5,0.5,0.4,0.8,1.5,1.5,15.8,70.1,1.0,0.4,0.2
Aleix Vidal,LaLiga,Deportivo Alaves,es,30,Defender,177,70,15,2,1327,0,3,3,0,0.8,76.4,0,0.5,6.71,0.6,1.1,0.7,0.0,0.4,1.3,0.1,0,0.8,1.6,0.8,1.5,0.1,0.7,1.9,26.9,76.4,1.6,1.3,0.0
Mubarak Wakaso,LaLiga,Deportivo Alaves,gh,29,Midfielder,171,72,13,1,1134,0,0,8,1,0.9,75.5,0,1.2,6.68,3.4,1.1,2.5,0.0,1.1,1.0,0.4,0,0.9,0.4,1.5,1.6,0.0,0.8,1.3,29.8,75.5,0.1,4.0,0.0
Martín Aguirregabiria,LaLiga,Deportivo Alaves,es,23,Defender,178,69,13,1,1171,0,1,0,0,0.1,70.0,0,1.1,6.66,2.6,0.4,1.4,0.3,1.6,1.2,0.3,0,0.1,0.5,0.9,0.9,0.1,0.6,1.0,31.4,70.0,0.5,0.9,0.0
Rubén Duarte,LaLiga,Deportivo Alaves,es,24,Defender,180,75,15,0,1350,0,0,5,0,0.8,70.9,0,1.5,6.62,1.9,1.4,1.5,0.3,2.3,1.0,0.3,0,0.8,0.5,0.1,1.1,0.0,0.5,0.5,32.9,70.9,0.4,2.1,0.0
Fernando Pacheco,LaLiga,Deportivo Alaves,es,27,GoalKeeper,186,81,14,0,1260,0,0,0,0,0.0,58.1,0,0.2,6.6,0.1,0.0,0.0,0.0,0.6,0.1,0.0,0,0.0,0.0,0.0,0.0,0.0,0.0,0.0,25.4,58.1,0.0,10.9,0.0
Víctor Laguardia,LaLiga,Deportivo Alaves,es,30,Defender,185,80,12,0,1080,1,1,5,1,0.4,72.0,0,1.9,6.48,0.6,1.3,1.5,0.7,4.4,0.6,0.8,0,0.4,0.3,0.2,0.4,0.1,0.1,0.2,38.3,72.0,0.0,4.5,0.0
Adrián Marín,LaLiga,Deportivo Alaves,es,22,Defender,181,73,4,0,338,0,0,0,0,0.3,73.4,0,1.3,6.41,2.5,1.8,2.5,0.5,2.8,0.5,1.0,0,0.3,0.0,0.5,0.3,0.0,0.5,1.3,27.3,73.4,0.0,0.0,0.0
Luis Rioja,LaLiga,Deportivo Alaves,es,26,Midfielder,175,68,11,2,847,0,0,1,0,0.3,71.7,0,0.4,6.41,0.5,0.7,0.8,0.0,0.2,0.5,0.0,0,0.3,0.8,0.9,0.6,0.0,0.6,0.8,13.8,71.7,0.7,0.2,0.0
Oliver Burke,LaLiga,Deportivo Alaves,gb,22,Attacker,188,74,4,9,563,0,1,1,0,0.7,69.1,0,1.4,6.39,0.5,0.4,0.7,0.0,0.2,0.5,0.0,0,0.7,0.1,1.2,0.5,0.0,0.8,0.6,12.5,69.1,0.0,0.2,0.0
Lisandro Magallán,LaLiga,Deportivo Alaves,ar,26,Defender,182,79,5,2,453,1,0,3,0,0.6,78.8,1,2.1,6.33,1.1,0.4,1.0,0.7,2.7,0.3,0.7,0,0.6,0.0,0.1,0.3,0.0,0.0,0.6,26.3,78.8,0.0,2.6,0.0
Manu García,LaLiga,Deportivo Alaves,es,33,Defender,182,74,12,3,1017,0,0,6,1,0.8,71.8,0,3.3,6.3,1.3,0.5,2.3,0.0,1.1,1.5,0.6,0,0.8,0.0,0.3,1.4,0.2,0.9,0.9,25.7,71.8,0.0,1.1,0.0
Pere Pons,LaLiga,Deportivo Alaves,es,26,Defender,177,70,4,11,545,0,1,0,0,0.2,74.2,0,0.6,6.21,1.1,0.2,0.8,0.0,0.3,0.5,0.1,0,0.2,0.4,0.0,0.4,0.0,0.2,1.3,15.0,74.2,0.2,0.6,0.1
Borja Sainz,LaLiga,Deportivo Alaves,es,18,Midfielder,174,0,2,6,254,0,0,1,0,0.6,75.0,0,0.3,6.2,1.1,0.1,0.9,0.0,0.0,0.5,0.0,0,0.6,0.5,0.9,0.4,0.1,1.1,1.6,4.5,75.0,0.1,0.1,0.0
Tachi,LaLiga,Deportivo Alaves,es,22,Defender,184,72,0,2,10,0,0,0,0,0.0,66.7,0,0.0,6.17,0.0,1.0,0.5,0.0,0.5,0.5,0.5,0,0.0,0.0,0.0,0.0,0.0,0.5,0.0,1.5,66.7,0.0,0.5,0.0
John Guidetti,LaLiga,Deportivo Alaves,se,27,Forward,185,80,1,4,95,0,0,0,0,0.4,62.5,0,0.2,6.12,0.4,0.0,0.0,0.0,0.0,0.0,0.0,0,0.4,0.2,0.6,0.2,0.0,0.4,0.2,6.4,62.5,0.0,0.0,0.0
Antonio Sivera,LaLiga,Deportivo Alaves,es,23,GoalKeeper,184,75,3,0,270,0,0,1,0,0.0,55.4,0,0.7,6.06,0.0,0.0,0.3,0.0,1.3,0.0,0.0,0,0.0,0.0,0.0,0.0,0.0,0.0,0.0,24.7,55.4,0.0,10.0,0.0
Burgui,LaLiga,Deportivo Alaves,es,26,Attacker,184,75,0,1,4,0,0,0,0,0.0,0.0,0,0.0,6.03,0.0,0.0,0.0,0.0,0.0,0.0,0.0,0,0.0,0.0,0.0,0.0,0.0,0.0,0.0,0.0,0.0,0.0,0.0,0.0
Nacho,LaLiga,Real Valladolid,es,30,Defender,174,63,13,0,1088,0,1,2,0,0.4,69.9,0,0.6,6.82,2.5,1.2,1.4,0.0,2.8,1.6,0.5,0,0.4,1.1,0.5,0.5,0.2,0.4,0.8,37.6,69.9,0.4,2.5,0.0
Joaquín Fernández,LaLiga,Real Valladolid,es,23,Defender,190,72,7,1,652,1,0,6,0,0.4,78.8,1,2.9,6.79,2.1,1.1,1.9,0.0,2.4,1.1,0.1,0,0.4,0.3,0.4,0.4,0.3,0.4,0.4,36.5,78.8,0.0,2.5,0.0
Mohammed Salisu,LaLiga,Real Valladolid,bj,20,Defender,191,82,16,1,1466,1,0,2,0,0.2,80.7,1,2.9,6.79,1.2,1.1,0.8,0.5,4.9,0.5,0.9,0,0.2,0.0,0.4,0.5,0.1,0.2,0.5,36.6,80.7,0.0,2.1,0.0
Kiko Olivas,LaLiga,Real Valladolid,es,31,Defender,184,76,17,0,1530,1,0,1,0,0.2,88.7,1,1.2,6.75,1.1,1.9,0.4,0.3,3.6,0.6,0.6,0,0.2,0.1,0.4,1.0,0.1,0.2,0.4,36.4,88.7,0.0,2.4,0.0
Óscar Plano,LaLiga,Real Valladolid,es,28,Attacker,180,72,16,1,1406,3,2,2,0,1.5,73.0,1,1.2,6.73,0.8,1.2,1.6,0.0,0.6,1.2,0.1,0,1.5,0.8,0.5,1.7,0.1,0.9,1.5,23.1,73.0,0.3,1.1,0.1
Míchel,LaLiga,Real Valladolid,es,31,Midfielder,182,68,16,0,1315,1,1,4,0,0.4,82.2,0,0.4,6.68,1.9,1.5,1.5,0.0,1.6,2.1,0.2,0,0.4,0.9,0.6,0.5,0.1,0.9,1.2,52.6,82.2,0.7,6.6,0.0
Javi Moyano,LaLiga,Real Valladolid,es,33,Defender,180,71,12,0,1002,0,0,2,0,0.1,72.0,0,1.2,6.63,0.5,0.8,0.8,0.3,2.2,0.5,0.2,0,0.1,0.7,0.8,0.9,0.0,0.4,0.5,29.5,72.0,0.5,0.9,0.0
Toni Villa,LaLiga,Real Valladolid,es,24,Attacker,172,63,8,2,622,0,1,2,0,0.6,73.4,1,0.4,6.61,1.5,0.5,0.7,0.0,0.1,1.4,0.1,0,0.6,0.5,1.7,1.6,0.2,1.4,2.2,17.7,73.4,0.2,0.9,0.0
Fede San Emeterio,LaLiga,Real Valladolid,es,22,Midfielder,174,68,7,0,624,0,0,1,0,0.0,87.9,0,1.4,6.59,1.3,1.6,1.4,0.1,1.0,0.9,0.4,0,0.0,0.1,0.3,1.6,0.0,0.4,0.6,37.7,87.9,0.0,3.3,0.0
Rubén Alcaraz,LaLiga,Real Valladolid,es,28,Defender,183,81,4,4,450,0,1,5,0,1.1,80.7,0,1.0,6.56,2.6,0.6,1.0,0.0,0.6,0.8,0.5,0,1.1,0.8,0.5,2.3,0.0,0.3,0.6,30.4,80.7,0.3,3.4,0.0
Enes Ünal,LaLiga,Real Valladolid,tr,22,Forward,187,78,7,7,825,1,1,1,0,1.2,65.0,0,2.5,6.54,0.3,0.1,1.1,0.0,0.2,0.6,0.1,0,1.2,0.6,0.9,1.9,0.3,1.2,1.9,15.5,65.0,0.1,0.5,0.1
Sandro Ramírez,LaLiga,Real Valladolid,es,24,Attacker,175,71,9,3,688,1,0,2,0,1.7,72.2,0,0.6,6.49,0.8,0.3,1.0,0.0,0.0,0.8,0.1,0,1.7,0.5,0.8,1.8,0.3,0.8,2.0,12.6,72.2,0.3,0.5,0.1
Jordi Masip,LaLiga,Real Valladolid,es,30,GoalKeeper,180,76,17,0,1530,0,0,2,0,0.0,48.8,1,0.1,6.48,0.1,0.0,0.0,0.0,0.3,0.1,0.0,0,0.0,0.1,0.0,0.0,0.0,0.0,0.1,28.1,48.8,0.0,8.8,0.0
Sergi Guardiola,LaLiga,Real Valladolid,es,28,Forward,184,78,17,0,1441,3,0,3,0,1.8,68.4,1,1.3,6.47,0.3,0.3,1.6,0.0,0.4,0.6,0.0,0,1.8,0.4,1.2,1.8,0.5,1.2,2.8,19.4,68.4,0.0,0.6,0.1
Pablo Hervías,LaLiga,Real Valladolid,es,26,Midfielder,174,67,3,5,306,1,0,0,0,1.4,80.4,0,0.6,6.47,0.3,0.1,0.4,0.0,0.0,0.5,0.0,0,1.4,0.5,1.0,0.9,0.1,0.9,0.3,12.8,80.4,0.4,0.1,0.0
Federico Barba,LaLiga,Real Valladolid,it,26,Defender,185,77,5,0,450,0,0,3,0,0.2,65.1,0,1.4,6.34,2.4,1.6,1.6,0.2,2.0,0.4,0.4,0,0.2,0.2,0.4,1.0,0.0,0.0,1.6,35.0,65.1,0.2,1.2,0.0
Waldo Rubio,LaLiga,Real Valladolid,es,24,Midfielder,181,80,4,6,425,0,1,3,0,0.9,62.7,0,0.3,6.25,0.3,0.3,0.7,0.0,0.4,1.3,0.0,0,0.9,0.7,1.0,0.3,0.2,0.6,0.8,13.4,62.7,0.2,0.6,0.0
Pedro Porro,LaLiga,Real Valladolid,es,20,Defender,176,71,6,5,630,0,0,1,0,0.0,65.4,0,0.5,6.25,1.4,0.5,0.3,0.1,1.3,0.7,0.0,0,0.0,0.4,0.9,0.8,0.0,0.6,1.0,19.2,65.4,0.4,1.7,0.0
Jorge De Frutos,LaLiga,Real Valladolid,es,22,Forward,173,72,0,3,56,0,0,0,0,0.3,86.7,0,0.0,6.17,0.7,0.0,0.7,0.0,0.0,0.3,0.0,0,0.3,0.3,0.3,0.0,0.0,1.3,1.0,5.0,86.7,0.3,0.0,0.0
Antoñito,LaLiga,Real Valladolid,es,31,Defender,175,67,2,2,159,0,0,1,0,0.0,75.0,0,0.3,6.17,0.0,0.8,0.5,0.0,0.0,0.5,0.0,0,0.0,0.5,0.0,0.8,0.3,0.3,0.5,9.0,75.0,0.0,0.0,0.3
Anuar Mohamed,LaLiga,Real Valladolid,es,24,Attacker,173,69,1,9,170,0,0,1,0,0.1,86.0,0,0.3,6.1,0.4,0.5,0.3,0.0,0.0,0.3,0.3,0,0.1,0.0,0.1,0.5,0.0,0.2,0.4,10.0,86.0,0.0,0.2,0.0
Miguel De la Fuente,LaLiga,Real Valladolid,,20,Forward,180,77,0,1,1,0,0,0,0,0.0,0.0,0,0.0,6.0,0.0,0.0,0.0,0.0,0.0,0.0,0.0,0,0.0,0.0,0.0,0.0,0.0,0.0,1.0,0.0,0.0,0.0,0.0,0.0
Fabián Orellana,LaLiga,Eibar,cl,33,Attacker,170,64,16,0,1371,4,4,5,1,1.7,76.2,2,0.7,6.98,1.2,0.6,0.8,0.0,0.1,1.4,0.0,0,1.7,2.1,2.6,1.8,0.3,3.9,3.0,31.2,76.2,1.8,1.2,0.1
Esteban Burgos,LaLiga,Eibar,ar,27,Defender,190,80,0,1,69,0,0,0,0,0.0,63.2,0,5.0,6.77,0.0,1.0,0.0,2.0,4.0,0.0,0.0,0,0.0,0.0,0.0,1.0,0.0,0.0,0.0,19.0,63.2,0.0,1.0,0.0
Cote,LaLiga,Eibar,es,30,Defender,182,74,11,0,937,1,1,1,0,1.0,71.2,2,1.3,6.77,1.8,1.1,0.7,0.2,1.8,0.5,0.4,0,1.0,1.4,0.4,0.5,0.0,0.4,1.0,39.1,71.2,2.0,2.9,0.0
Gonzalo Escalante,LaLiga,Eibar,ar,26,Defender,182,76,12,3,1117,0,0,2,1,0.8,71.1,0,3.4,6.67,2.3,1.3,1.1,0.0,0.7,0.9,0.1,0,0.8,0.4,0.7,1.4,0.1,0.5,0.9,29.1,71.1,0.1,1.4,0.0
Álvaro Tejero,LaLiga,Eibar,es,23,Defender,174,69,7,2,676,0,0,3,0,0.1,74.3,1,1.1,6.66,1.8,1.2,1.0,0.7,1.0,0.4,0.4,0,0.1,1.0,0.1,1.2,0.1,0.1,0.9,29.8,74.3,1.4,2.4,0.0
Anaitz Arbilla,LaLiga,Eibar,es,32,Defender,178,76,14,0,1257,1,0,5,0,0.8,75.4,0,2.7,6.66,0.9,1.3,1.0,1.2,3.8,0.9,0.1,0,0.8,0.2,0.5,0.5,0.0,0.2,0.6,47.6,75.4,0.1,7.0,0.0
Paulo Oliveira,LaLiga,Eibar,pt,27,Defender,187,81,13,2,1231,1,0,4,0,0.5,69.0,0,2.9,6.63,1.3,1.4,0.5,0.7,3.3,0.3,0.6,1,0.5,0.1,0.1,0.5,0.0,0.0,0.2,32.7,69.0,0.1,3.9,0.0
Edu Expósito,LaLiga,Eibar,es,23,Defender,178,68,8,8,836,1,0,3,0,0.5,88.9,1,0.6,6.56,1.1,0.9,0.6,0.1,0.6,0.6,0.1,0,0.5,0.5,0.6,0.4,0.0,0.4,0.6,20.2,88.9,0.1,1.6,0.1
Pape Diop,LaLiga,Eibar,sn,33,Midfielder,180,77,14,0,1218,1,0,5,0,1.1,74.6,0,2.6,6.52,1.0,1.1,2.0,0.0,1.1,1.1,0.1,0,1.1,0.6,0.1,1.3,0.0,0.6,1.0,31.5,74.6,0.1,2.4,0.1
Pablo De Blasis,LaLiga,Eibar,ar,31,Defender,165,65,9,4,880,0,2,0,0,0.3,69.4,0,0.5,6.51,1.9,1.2,0.8,0.2,0.7,1.6,0.0,0,0.3,0.5,0.7,0.5,0.0,0.3,0.8,32.5,69.4,0.9,3.4,0.0
Kike García,LaLiga,Eibar,es,30,Forward,186,79,10,4,960,2,0,2,0,2.3,64.9,0,4.5,6.5,0.5,0.1,2.2,0.0,0.4,0.4,0.0,0,2.3,0.6,0.2,0.9,0.4,1.6,2.5,20.1,64.9,0.1,0.3,0.0
Takashi Inui,LaLiga,Eibar,jp,31,Attacker,169,59,11,1,917,0,2,2,0,1.7,81.9,1,0.4,6.48,1.1,0.8,1.4,0.0,0.5,1.1,0.3,0,1.7,0.9,0.8,0.8,0.3,1.3,2.1,19.8,81.9,0.2,0.3,0.0
Pedro León,LaLiga,Eibar,es,33,Midfielder,183,70,10,5,858,1,0,1,0,1.1,64.3,0,0.7,6.4,0.8,0.4,0.5,0.0,0.3,0.2,0.0,0,1.1,1.2,0.4,0.4,0.2,1.1,1.6,16.1,64.3,1.3,0.5,0.0
Rober Correa,LaLiga,Eibar,es,27,Defender,180,71,3,1,257,0,0,0,0,0.3,70.5,0,2.3,6.39,1.3,0.0,0.8,1.5,2.3,0.3,0.3,0,0.3,0.0,0.0,1.0,0.0,0.0,0.5,26.3,70.5,0.3,1.3,0.0
Marko Dmitrovic,LaLiga,Eibar,rs,27,GoalKeeper,194,94,17,0,1530,0,0,3,0,0.0,44.4,0,0.4,6.33,0.1,0.1,0.1,0.0,0.8,0.1,0.0,0,0.0,0.0,0.0,0.1,0.0,0.0,0.1,27.7,44.4,0.0,8.5,0.0
Iván Ramis,LaLiga,Eibar,es,35,Defender,188,82,6,1,459,1,0,1,0,0.6,78.4,1,3.0,6.32,0.4,0.6,0.6,1.1,3.3,0.4,0.0,0,0.6,0.1,0.4,0.7,0.0,0.1,0.4,31.7,78.4,0.0,2.7,0.0
Pedro Bigas,LaLiga,Eibar,es,29,Defender,181,83,4,1,256,0,0,1,0,0.2,68.6,0,1.4,6.32,1.2,0.8,0.0,0.4,1.4,0.6,0.2,0,0.2,0.4,0.0,0.4,0.0,0.0,0.4,20.4,68.6,0.4,3.0,0.0
Quique González,LaLiga,Eibar,es,29,Forward,177,78,3,4,317,0,0,0,0,0.9,68.1,0,2.7,6.31,0.1,0.0,1.0,0.0,0.1,0.0,0.0,0,0.9,0.3,0.4,1.4,0.3,0.6,1.4,10.3,68.1,0.1,0.1,0.0
Sergi Enrich,LaLiga,Eibar,es,29,Forward,181,77,8,3,686,0,0,1,0,0.5,72.2,0,3.7,6.29,0.6,0.2,1.9,0.1,0.5,0.8,0.1,0,0.5,0.2,0.3,0.9,0.3,1.5,1.6,17.0,72.2,0.0,0.4,0.1
Charles,LaLiga,Eibar,br,35,Forward,179,76,6,8,573,2,0,3,0,0.6,62.8,0,2.3,6.29,0.1,0.0,1.3,0.0,0.2,0.3,0.0,0,0.6,0.4,0.1,0.8,0.3,0.4,0.9,11.1,62.8,0.1,0.1,0.0
Sergio Álvarez,LaLiga,Eibar,es,27,Defender,183,74,5,2,431,0,0,4,0,0.1,67.6,0,1.3,6.12,1.0,1.0,1.1,0.7,1.4,0.9,0.0,0,0.1,0.0,0.1,0.9,0.0,0.0,0.3,24.7,67.6,0.0,2.7,0.0
Ante Budimir,LaLiga,Mallorca,hr,28,Forward,190,75,17,0,1384,6,0,4,0,1.5,64.5,2,4.4,6.87,1.1,0.1,2.4,0.0,1.0,0.5,0.2,0,1.5,0.1,0.5,2.2,0.6,1.1,2.8,16.4,64.5,0.1,0.1,0.0
Fran Gámez,LaLiga,Mallorca,,28,Defender,174,71,9,0,810,0,1,0,0,0.6,74.7,1,0.4,6.84,3.3,1.8,0.6,0.1,2.0,2.0,0.8,0,0.6,0.7,0.3,0.3,0.1,0.4,1.4,32.6,74.7,0.7,2.4,0.0
Manolo Reina,LaLiga,Mallorca,es,34,GoalKeeper,186,81,16,0,1440,0,0,1,0,0.0,57.6,1,0.2,6.82,0.0,0.2,0.0,0.0,0.4,0.1,0.0,0,0.0,0.0,0.0,0.3,0.0,0.0,0.0,28.4,57.6,0.0,7.3,0.0
Dani Rodríguez,LaLiga,Mallorca,es,31,Attacker,178,71,16,1,1333,3,0,2,0,1.5,81.5,1,0.8,6.63,1.7,0.9,1.5,0.0,0.6,1.1,0.0,0,1.5,0.7,0.8,1.4,0.2,0.9,2.1,24.5,81.5,0.2,1.4,0.0
Iddrisu Baba,LaLiga,Mallorca,gh,23,Defender,185,73,16,0,1328,0,0,4,0,0.3,80.0,0,2.5,6.59,1.8,1.3,1.4,0.1,1.3,1.6,0.3,1,0.3,0.3,1.3,1.7,0.1,1.1,1.1,36.3,80.0,0.0,1.9,0.0
Aleix Febas,LaLiga,Mallorca,,23,Attacker,171,61,15,1,1151,0,3,3,0,0.4,82.0,0,0.2,6.57,1.1,0.5,0.8,0.0,0.2,1.1,0.0,0,0.4,1.3,1.6,1.8,0.0,1.5,2.2,25.0,82.0,0.0,0.5,0.2
Lago Junior,LaLiga,Mallorca,ci,28,Attacker,180,79,13,2,1134,4,0,2,0,1.3,78.3,0,1.2,6.54,1.0,0.3,1.6,0.1,0.8,0.5,0.2,0,1.3,0.7,1.1,1.5,0.3,1.6,2.7,22.4,78.3,0.3,0.5,0.0
Takefusa Kubo,LaLiga,Mallorca,jp,18,Midfielder,173,67,8,6,866,1,1,1,0,1.2,65.6,1,0.4,6.54,1.1,0.6,1.2,0.0,0.1,0.9,0.0,0,1.2,0.6,1.2,1.7,0.1,1.5,1.4,15.1,65.6,0.2,0.1,0.1
Salva Sevilla,LaLiga,Mallorca,es,35,Midfielder,178,71,16,0,1278,3,1,5,0,0.9,88.1,0,0.2,6.49,0.6,0.3,1.1,0.0,0.7,0.7,0.1,0,0.9,1.8,0.2,0.4,0.1,0.7,0.8,50.5,88.1,0.9,2.9,0.1
Juan Hernández,LaLiga,Mallorca,,20,Forward,176,73,0,2,76,0,1,1,0,1.5,63.6,0,2.0,6.44,1.0,0.5,1.5,0.0,0.0,0.5,0.0,0,1.5,1.0,0.5,2.0,0.0,0.0,2.0,5.5,63.6,0.5,0.0,0.0
Martin Valjent,LaLiga,Mallorca,sk,24,Defender,187,70,17,0,1530,0,0,2,0,0.5,83.1,0,1.4,6.41,0.8,0.9,0.5,0.3,4.8,0.3,0.4,0,0.5,0.1,0.2,0.3,0.0,0.2,0.3,30.6,83.1,0.0,2.1,0.0
Joan Sastre,LaLiga,Mallorca,es,22,Defender,174,75,14,0,1212,0,2,4,0,0.8,69.9,0,0.6,6.41,1.7,1.4,1.2,0.0,1.6,1.1,0.1,0,0.8,1.0,0.1,1.3,0.0,0.4,1.6,28.5,69.9,1.0,1.7,0.0
Antonio Raíllo,LaLiga,Mallorca,es,28,Defender,187,80,14,0,1227,0,0,1,1,0.6,85.2,0,1.7,6.33,1.1,0.6,0.8,0.6,3.8,0.3,0.9,0,0.6,0.1,0.1,0.1,0.1,0.1,0.2,35.7,85.2,0.0,2.8,0.0
Xisco Campos,LaLiga,Mallorca,es,37,Defender,180,77,3,3,299,0,0,1,0,0.3,71.3,0,1.7,6.32,1.0,1.3,1.0,0.2,2.3,0.3,0.7,0,0.3,0.2,0.0,0.5,0.0,0.0,0.0,21.5,71.3,0.0,2.3,0.0
Lumor Agbenyenu,LaLiga,Mallorca,gh,23,Defender,175,70,9,2,922,0,0,1,1,0.6,73.9,0,1.1,6.29,1.4,0.7,0.9,0.1,2.6,1.0,0.1,0,0.6,0.5,0.8,0.5,0.0,0.5,1.6,30.3,73.9,0.3,0.8,0.0
Yannis Salibur,LaLiga,Mallorca,fr,28,Attacker,177,76,0,2,52,0,0,0,0,0.0,75.0,0,0.5,6.26,0.0,0.5,1.0,0.0,0.0,0.5,0.0,0,0.0,0.0,1.0,1.5,0.0,0.5,0.5,12.0,75.0,0.0,0.0,0.0
Abdul Rahman Baba,LaLiga,Mallorca,gh,25,Defender,180,72,2,0,109,0,0,1,0,0.5,62.9,0,0.5,6.24,1.5,0.5,0.5,0.0,1.0,0.0,0.5,0,0.5,0.0,0.0,0.0,0.0,0.5,1.5,17.5,62.9,0.5,1.0,0.0
Aleksandar Trajkovski,LaLiga,Mallorca,mk,27,Attacker,179,72,0,7,147,0,0,0,0,0.4,75.9,0,0.0,6.15,0.3,0.3,0.6,0.0,0.1,0.3,0.0,0,0.4,0.7,0.3,0.6,0.0,0.4,0.9,7.7,75.9,0.6,0.9,0.0
Álex Alegría,LaLiga,Mallorca,es,27,Forward,190,82,0,6,103,0,0,0,0,0.0,65.6,0,1.7,6.11,0.2,0.0,0.8,0.0,0.0,0.0,0.0,0,0.0,0.0,0.0,0.7,0.2,0.2,0.3,5.3,65.6,0.0,0.2,0.0
Pablo Chavarria,LaLiga,Mallorca,ar,31,Attacker,182,74,0,4,45,0,0,0,0,0.5,54.5,0,1.3,6.09,0.0,0.0,0.5,0.0,0.0,0.5,0.0,0,0.5,0.3,0.0,0.0,0.0,0.0,0.8,2.8,54.5,0.0,0.0,0.0
Abdón Prats,LaLiga,Mallorca,es,27,Forward,181,81,0,9,117,0,0,1,0,0.7,69.2,0,0.8,6.02,0.1,0.0,0.4,0.0,0.1,0.0,0.0,0,0.7,0.0,0.0,0.1,0.0,0.1,0.3,2.9,69.2,0.0,0.1,0.0
Marc Pedraza,LaLiga,Mallorca,es,32,Midfielder,184,82,1,1,74,0,0,0,0,0.0,73.7,0,0.0,6.01,0.5,1.0,0.5,0.0,0.5,1.0,0.0,0,0.0,0.0,0.0,0.0,0.0,0.0,0.0,9.5,73.7,0.0,0.0,0.0
Josep Señé,LaLiga,Mallorca,es,28,Attacker,186,79,0,3,60,0,0,0,0,0.0,95.0,0,0.0,5.98,0.0,0.0,0.3,0.0,0.0,0.7,0.3,0,0.0,0.0,0.0,0.0,0.0,0.3,0.0,13.3,95.0,0.3,0.0,0.0
Aridai Cabrera,LaLiga,Mallorca,es,31,Forward,172,64,0,2,35,0,0,0,0,0.5,77.8,0,0.0,5.96,0.5,0.0,1.0,0.0,0.0,0.5,0.0,0,0.5,0.0,0.0,0.0,0.0,0.5,1.0,4.5,77.8,0.0,0.0,0.0
Fabri,LaLiga,Mallorca,es,31,GoalKeeper,184,79,2,0,91,0,0,1,0,0.0,70.4,0,0.0,5.47,0.0,0.0,0.5,0.0,0.0,0.0,0.0,0,0.0,0.0,0.0,0.0,0.0,0.0,0.0,13.5,70.4,0.0,4.0,0.0
Rafinha,LaLiga,Celta Vigo,br,26,Midfielder,174,71,7,2,613,1,0,0,0,0.8,89.6,1,1.0,6.98,2.0,1.0,1.0,0.0,1.1,1.0,0.1,0,0.8,0.8,1.8,3.0,0.0,1.8,1.8,45.8,89.6,0.0,1.9,0.2
Denis Suárez,LaLiga,Celta Vigo,es,25,Attacker,176,69,15,1,1199,1,2,2,0,0.9,82.0,1,0.3,6.94,0.8,0.6,0.7,0.0,0.4,1.1,0.1,0,0.9,2.1,2.6,1.6,0.0,2.3,1.5,34.4,82.0,1.3,1.1,0.0
Okay Yokuslu,LaLiga,Celta Vigo,tr,25,Defender,190,79,6,0,464,0,0,1,0,0.3,81.0,1,4.3,6.82,1.5,1.2,1.2,0.0,2.8,0.5,0.2,0,0.3,0.2,0.7,0.2,0.0,1.0,0.7,51.7,81.0,0.0,1.7,0.0
Iago Aspas,LaLiga,Celta Vigo,es,32,Attacker,176,67,17,0,1528,6,0,3,0,2.6,79.3,1,0.7,6.81,0.8,0.5,0.7,0.0,0.1,0.6,0.0,0,2.6,1.1,1.3,1.9,0.6,1.0,2.0,32.4,79.3,0.1,1.1,0.0
Néstor Araújo,LaLiga,Celta Vigo,mx,28,Defender,188,87,15,1,1382,1,0,4,0,0.4,86.6,0,3.2,6.8,1.4,1.6,0.8,0.4,3.7,0.5,0.8,0,0.4,0.1,0.0,0.2,0.0,0.1,0.3,49.4,86.6,0.0,1.9,0.0
Lucas Olaza,LaLiga,Celta Vigo,uy,25,Defender,173,68,15,0,1348,1,2,3,0,0.5,81.2,0,0.9,6.72,1.7,0.9,0.7,0.2,1.7,0.4,0.2,0,0.5,1.0,0.3,0.5,0.0,0.4,0.4,46.4,81.2,1.1,1.6,0.0
Hugo Mallo,LaLiga,Celta Vigo,es,28,Defender,173,69,13,2,1110,0,1,4,0,0.2,79.9,1,1.6,6.66,2.5,0.9,0.8,0.2,2.6,1.0,0.2,0,0.2,0.4,0.1,1.0,0.2,0.2,1.1,41.1,79.9,0.5,2.6,0.0
Rubén Blanco,LaLiga,Celta Vigo,es,24,GoalKeeper,188,70,15,0,1350,0,0,2,0,0.0,60.7,1,0.2,6.57,0.0,0.0,0.0,0.0,1.1,0.0,0.0,0,0.0,0.0,0.0,0.1,0.0,0.0,0.0,27.1,60.7,0.0,6.1,0.0
Joseph Aidoo,LaLiga,Celta Vigo,gh,24,Defender,180,80,16,0,1431,0,0,3,0,0.4,88.3,0,2.1,6.57,1.3,1.6,0.6,0.4,4.5,0.3,0.5,0,0.4,0.0,0.4,0.8,0.0,0.2,0.4,47.6,88.3,0.0,2.9,0.0
Kevin Vázquez,LaLiga,Celta Vigo,es,26,Defender,173,72,4,0,335,0,0,2,0,0.0,86.1,0,1.0,6.52,1.0,1.8,1.0,0.0,1.0,1.0,0.0,0,0.0,0.3,0.8,2.3,0.0,0.5,1.0,46.8,86.1,0.3,1.8,0.0
Santi Mina,LaLiga,Celta Vigo,es,24,Attacker,181,77,10,4,927,1,2,3,0,1.8,72.3,0,3.7,6.51,0.4,0.4,2.0,0.1,0.7,1.2,0.1,0,1.8,0.6,0.6,1.3,0.3,1.3,2.2,19.9,72.3,0.3,0.5,0.2
Iker Losada Aragunde,LaLiga,Celta Vigo,,18,Forward,175,0,0,2,11,1,0,0,0,0.5,77.8,0,0.5,6.48,0.0,0.0,0.0,0.0,0.0,0.0,0.0,0,0.5,0.0,0.0,0.0,0.0,0.0,0.5,4.5,77.8,0.0,0.0,0.0
Pione Sisto,LaLiga,Celta Vigo,dk,24,Attacker,171,64,4,7,451,1,0,0,0,1.3,81.7,0,0.1,6.45,0.5,0.4,0.3,0.0,0.1,0.8,0.0,0,1.3,0.6,0.9,1.2,0.2,1.5,1.6,18.9,81.7,0.5,0.9,0.0
Stanislav Lobotka,LaLiga,Celta Vigo,sk,25,Defender,170,64,16,0,1301,0,0,1,0,0.4,89.4,0,0.8,6.41,1.1,0.5,0.6,0.1,0.4,0.9,0.1,0,0.4,0.4,0.7,1.3,0.1,0.8,0.6,45.4,89.4,0.0,2.2,0.0
Brais Méndez,LaLiga,Celta Vigo,es,22,Attacker,187,76,9,7,862,0,1,1,0,1.0,76.0,0,1.4,6.41,0.9,0.4,1.2,0.0,0.9,1.0,0.0,0,1.0,0.3,0.9,1.4,0.2,0.7,1.5,24.2,76.0,0.2,1.1,0.0
Fran Beltrán,LaLiga,Celta Vigo,es,20,Defender,170,66,8,4,715,0,0,1,1,0.3,90.0,0,0.2,6.34,1.5,0.6,0.3,0.0,0.8,1.0,0.1,0,0.3,0.3,0.8,0.4,0.0,0.5,0.5,33.3,90.0,0.0,2.2,0.0
David Juncà,LaLiga,Celta Vigo,es,26,Defender,175,67,3,0,259,0,0,1,0,0.0,78.6,0,1.0,6.26,2.0,0.7,1.7,0.0,1.0,0.3,0.3,0,0.0,0.0,0.7,2.3,0.3,0.0,1.0,39.0,78.6,0.7,1.3,0.0
Sergio Álvarez,LaLiga,Celta Vigo,es,33,GoalKeeper,180,75,3,0,181,0,0,2,0,0.0,68.8,0,0.0,6.18,0.0,0.0,0.0,0.0,0.3,0.0,0.0,0,0.0,0.0,0.0,0.0,0.0,0.0,0.0,16.0,68.8,0.0,2.7,0.0
Gabriel Fernández,LaLiga,Celta Vigo,uy,25,Forward,186,80,4,7,375,1,1,1,1,0.2,69.4,0,1.4,6.11,0.1,0.2,0.8,0.1,0.1,0.2,0.1,0,0.2,0.2,0.2,0.5,0.4,0.6,1.0,5.6,69.4,0.0,0.1,0.0
Pape Cheikh,LaLiga,Celta Vigo,sn,22,Defender,180,68,5,7,523,0,1,3,1,0.2,89.7,0,0.3,6.09,0.5,0.2,1.7,0.0,0.3,0.8,0.0,0,0.2,0.3,0.4,1.1,0.0,0.5,0.8,19.5,89.7,0.0,1.0,0.0
Sergio Bermejo,LaLiga,Celta Vigo,,22,Midfielder,170,0,0,1,4,0,0,0,0,0.0,100.0,0,0.0,6.08,0.0,0.0,0.0,0.0,0.0,0.0,0.0,0,0.0,0.0,1.0,0.0,0.0,0.0,0.0,3.0,100.0,0.0,0.0,0.0
David Costas,LaLiga,Celta Vigo,es,24,Defender,184,71,1,3,154,0,0,1,0,0.3,88.9,0,0.3,6.04,0.5,1.0,1.0,0.3,1.0,0.5,0.3,0,0.3,0.0,0.0,0.0,0.0,0.3,0.0,24.8,88.9,0.0,1.5,0.0
Juan Hernández,LaLiga,Celta Vigo,,25,Forward,186,75,0,1,1,0,0,0,0,0.0,0.0,0,0.0,6.0,0.0,0.0,0.0,0.0,0.0,0.0,0.0,0,0.0,0.0,0.0,0.0,0.0,0.0,0.0,2.0,0.0,0.0,0.0,0.0
Jorge Sáenz,LaLiga,Celta Vigo,es,23,Defender,192,75,2,1,132,0,0,1,1,0.0,86.2,0,0.7,5.91,1.7,0.7,0.7,0.3,1.0,0.0,0.0,0,0.0,0.0,0.0,0.3,0.0,0.0,0.3,29.0,86.2,0.0,3.3,0.0
Kévin Rodrigues,LaLiga,Leganes,pt,25,Defender,170,70,5,3,526,1,1,0,1,0.5,76.5,2,0.5,6.84,2.9,1.9,1.3,0.1,1.1,0.6,0.1,0,0.5,0.9,1.1,0.3,0.0,0.8,1.1,17.0,76.5,1.1,1.0,0.0
Youssef En-Nesyri,LaLiga,Leganes,ma,22,Forward,189,73,13,3,1205,3,1,2,0,2.2,57.1,0,3.8,6.69,0.4,0.3,1.3,0.0,1.2,0.6,0.1,0,2.2,0.4,0.9,1.1,1.0,0.8,2.3,13.7,57.1,0.1,0.4,0.0
Unai Bustinza,LaLiga,Leganes,es,27,Defender,175,74,15,1,1341,0,1,2,0,0.3,70.4,0,2.2,6.67,1.9,1.9,1.6,0.3,2.7,0.6,0.4,0,0.3,0.7,0.3,1.3,0.2,0.2,0.5,35.3,70.4,0.3,2.9,0.0
Óscar Rodríguez,LaLiga,Leganes,es,21,Attacker,174,67,14,2,1075,4,0,2,1,1.8,71.7,2,0.6,6.64,0.7,0.6,0.9,0.0,0.2,1.1,0.0,0,1.8,0.8,1.4,1.4,0.1,0.6,1.9,23.4,71.7,0.7,0.9,0.1
Roberto Rosales,LaLiga,Leganes,ve,31,Defender,174,73,8,1,725,0,1,5,0,0.2,64.8,1,0.9,6.63,2.3,0.9,1.8,0.1,1.8,0.6,0.2,0,0.2,1.4,0.4,0.6,0.1,0.1,1.0,27.1,64.8,1.1,1.7,0.0
Dimitrios Siovas,LaLiga,Leganes,gr,31,Defender,192,83,13,0,1029,0,0,3,0,0.6,74.4,0,3.2,6.63,2.2,1.7,1.0,0.3,3.6,0.5,0.0,0,0.6,0.1,0.2,0.3,0.2,0.1,0.7,33.1,74.4,0.0,3.2,0.0
Martin Braithwaite,LaLiga,Leganes,dk,28,Attacker,177,73,14,3,1316,4,0,1,0,1.5,70.9,0,1.6,6.61,0.5,0.2,0.9,0.1,0.2,0.5,0.1,0,1.5,0.6,1.4,1.1,0.4,1.1,1.6,15.2,70.9,0.0,0.5,0.0
Iván Cuéllar,LaLiga,Leganes,es,35,GoalKeeper,187,76,10,0,900,0,0,1,0,0.0,45.7,0,0.6,6.54,0.0,0.0,0.0,0.0,2.2,0.1,0.0,0,0.0,0.0,0.0,0.2,0.0,0.0,0.0,26.9,45.7,0.0,8.8,0.0
Chidozie Awaziem,LaLiga,Leganes,ng,22,Defender,189,78,8,2,784,0,0,2,0,0.2,76.6,0,2.0,6.53,1.3,1.2,0.7,0.2,3.6,0.4,0.8,0,0.2,0.1,0.4,0.4,0.1,0.2,0.3,29.0,76.6,0.0,2.5,0.0
Guido Carrillo,LaLiga,Leganes,ar,28,Forward,191,87,6,6,600,0,1,0,0,1.3,61.1,0,4.3,6.52,0.7,0.0,0.9,0.0,0.8,0.8,0.1,0,1.3,0.4,0.2,1.3,0.1,0.8,1.1,13.1,61.1,0.0,0.1,0.0
Jonathan Silva,LaLiga,Leganes,ar,25,Defender,178,72,15,0,1350,0,0,6,0,0.6,72.7,0,1.4,6.51,2.2,0.9,1.5,0.2,1.9,0.8,0.1,1,0.6,1.0,0.3,1.1,0.0,0.6,0.9,31.5,72.7,1.7,1.3,0.1
Roque Mesa,LaLiga,Leganes,es,30,Defender,172,74,11,2,1004,0,2,5,0,0.8,84.4,0,0.3,6.5,1.2,0.4,1.5,0.0,0.2,1.0,0.1,0,0.8,1.3,0.9,1.7,0.1,1.4,2.2,28.5,84.4,0.9,1.6,0.0
Recio,LaLiga,Leganes,es,28,Midfielder,183,74,9,3,806,0,0,6,0,0.9,88.5,0,0.2,6.49,1.4,1.2,1.8,0.0,0.3,1.4,0.3,0,0.9,0.7,0.7,1.7,0.1,0.8,1.0,36.1,88.5,0.1,1.8,0.0
Rubén Pérez,LaLiga,Leganes,es,30,Midfielder,178,73,11,0,939,0,0,4,0,0.6,77.0,0,0.9,6.46,1.9,1.7,1.5,0.1,1.5,1.5,0.3,0,0.6,0.5,0.3,1.3,0.0,0.1,0.8,41.2,77.0,0.0,3.9,0.0
Christian Rivera,LaLiga,Leganes,es,22,Midfielder,191,87,3,1,302,0,0,3,0,0.3,83.9,0,1.5,6.39,1.5,1.0,1.5,0.0,1.3,0.5,0.8,0,0.3,0.3,0.5,1.3,0.0,0.8,0.8,29.5,83.9,0.3,2.0,0.0
Kenneth Omeruo,LaLiga,Leganes,ng,26,Defender,185,81,10,0,880,0,0,4,0,0.1,68.8,0,3.0,6.35,1.3,1.2,0.8,0.4,6.0,0.3,0.6,0,0.1,0.0,0.0,0.3,0.0,0.0,0.5,25.6,68.8,0.0,3.3,0.0
José Arnáiz,LaLiga,Leganes,es,24,Forward,175,70,2,8,292,0,0,1,0,0.9,81.9,0,0.1,6.26,0.3,0.1,0.6,0.0,0.1,0.3,0.0,0,0.9,0.6,1.2,0.6,0.1,0.8,1.2,7.2,81.9,0.3,0.1,0.0
Javier Avilés,LaLiga,Leganes,,22,Forward,181,0,0,1,12,0,0,0,0,0.0,66.7,0,0.0,6.15,2.0,0.0,0.0,0.0,0.0,0.0,0.0,0,0.0,0.0,0.0,0.0,0.0,0.0,0.0,6.0,66.7,0.0,0.0,0.0
Rodrigo Tarín,LaLiga,Leganes,es,23,Defender,184,76,4,1,305,0,0,1,0,0.2,80.2,0,0.2,6.14,0.8,0.6,0.6,0.2,4.2,1.0,0.0,0,0.2,0.0,0.0,0.6,0.0,0.0,0.0,17.2,80.2,0.0,1.0,0.0
Javier Eraso,LaLiga,Leganes,es,29,Attacker,180,71,3,7,330,0,0,1,0,0.4,83.7,0,0.4,6.11,0.8,0.2,0.5,0.0,0.1,0.5,0.0,0,0.4,0.4,0.1,0.4,0.1,1.0,0.9,10.4,83.7,0.3,0.3,0.0
Marc Navarro,LaLiga,Leganes,es,24,Defender,188,79,3,1,220,0,0,1,0,1.3,67.2,0,0.8,6.08,0.8,0.0,1.5,0.0,0.8,0.0,0.3,0,1.3,0.3,0.3,0.0,0.0,0.5,0.3,14.5,67.2,0.0,0.0,0.0
Aitor Ruibal,LaLiga,Leganes,es,23,Forward,176,74,2,4,186,0,0,1,0,0.2,89.3,0,0.0,6.08,1.0,0.0,0.8,0.0,0.3,0.7,0.0,0,0.2,0.3,0.5,0.3,0.2,0.8,0.7,9.3,89.3,0.2,0.5,0.0
Juan Soriano,LaLiga,Leganes,es,22,GoalKeeper,185,78,7,0,630,0,0,2,0,0.1,44.9,0,0.3,6.05,0.0,0.0,0.1,0.0,0.1,0.0,0.0,0,0.1,0.0,0.0,0.1,0.0,0.0,0.0,22.6,44.9,0.0,4.9,0.0
Sabin Merino,LaLiga,Leganes,es,27,Attacker,187,78,1,1,78,0,0,0,0,0.0,71.4,0,0.5,6.01,0.0,0.0,0.0,0.0,0.0,0.0,0.0,0,0.0,0.5,0.0,0.5,0.0,0.5,0.0,10.5,71.4,0.0,0.0,0.0
Sébastien Corchia,LaLiga,Espanyol,fr,29,Defender,176,69,3,0,270,0,0,1,0,1.0,85.2,1,0.0,7.08,0.7,1.7,1.3,0.0,1.7,0.7,0.7,0,1.0,2.3,2.0,1.7,0.0,1.0,1.3,40.7,85.2,3.0,1.7,0.0
Jonathan Calleri,LaLiga,Espanyol,ar,26,Forward,181,72,6,2,592,1,1,1,0,2.9,58.2,0,5.6,6.73,0.6,0.3,1.3,0.0,0.8,0.8,0.1,0,2.9,0.8,0.4,1.1,0.8,1.4,2.5,13.8,58.2,0.3,0.1,0.0
Víctor Sánchez,LaLiga,Espanyol,es,32,Defender,174,72,15,0,1231,0,1,5,0,0.3,82.4,0,1.5,6.66,3.1,1.1,2.1,0.1,0.9,2.1,0.3,0,0.3,1.4,0.7,1.5,0.0,1.3,1.3,45.8,82.4,1.1,2.2,0.0
Javi López,LaLiga,Espanyol,es,33,Defender,180,76,5,1,451,0,0,1,0,0.3,71.4,0,1.0,6.54,2.5,1.3,1.0,0.3,1.3,1.2,0.3,0,0.3,0.3,1.0,1.3,0.0,0.7,0.8,29.2,71.4,0.2,1.8,0.0
Sergi Darder,LaLiga,Espanyol,es,25,Midfielder,180,71,13,2,1128,1,0,1,0,1.7,77.3,0,0.8,6.5,1.5,0.7,0.6,0.0,0.8,1.2,0.1,0,1.7,1.3,0.6,1.1,0.1,0.9,1.2,32.3,77.3,0.6,2.1,0.0
Diego López,LaLiga,Espanyol,es,38,GoalKeeper,196,89,16,0,1440,0,0,1,0,0.0,57.7,0,0.1,6.48,0.1,0.1,0.0,0.0,0.7,0.1,0.0,0,0.0,0.0,0.1,0.3,0.0,0.0,0.0,29.7,57.7,0.0,6.8,0.0
Marc Roca,LaLiga,Espanyol,es,23,Defender,184,74,16,0,1365,2,0,2,0,1.3,82.8,0,1.1,6.48,2.1,1.3,2.1,0.1,1.8,0.9,0.4,0,1.3,0.4,0.2,0.6,0.0,0.7,1.2,55.5,82.8,0.0,5.8,0.1
Adrià Pedrosa,LaLiga,Espanyol,es,21,Defender,176,69,8,2,729,1,0,1,0,1.2,80.4,0,0.5,6.46,0.7,0.4,0.4,0.2,1.2,1.4,0.0,0,1.2,0.3,1.3,1.1,0.1,0.7,2.3,24.0,80.4,0.4,1.4,0.1
David López,LaLiga,Espanyol,es,30,Defender,183,81,9,3,826,0,1,0,0,0.3,79.8,0,2.6,6.44,1.2,1.3,0.9,0.3,2.4,0.8,0.5,0,0.3,0.4,0.0,0.9,0.0,0.4,0.3,44.5,79.8,0.2,3.3,0.1
Dídac Vilá,LaLiga,Espanyol,es,30,Defender,185,74,9,2,842,0,0,1,0,0.4,69.3,0,2.2,6.42,1.8,1.3,0.8,0.3,2.1,0.9,0.2,0,0.4,0.6,0.4,0.7,0.0,0.4,1.2,35.5,69.3,0.1,1.6,0.0
Matías Vargas,LaLiga,Espanyol,ar,22,Attacker,168,66,10,3,860,0,2,1,0,1.3,69.1,0,0.2,6.42,0.8,0.1,0.5,0.0,0.3,1.1,0.2,0,1.3,1.1,1.6,1.2,0.1,2.6,2.3,21.2,69.1,0.6,0.6,0.1
Bernardo Espinosa,LaLiga,Espanyol,co,30,Defender,192,85,8,0,720,1,0,2,0,0.6,70.8,1,4.4,6.41,0.9,0.5,1.5,0.3,3.8,0.1,0.9,0,0.6,0.1,0.1,0.6,0.1,0.0,0.1,46.3,70.8,0.0,4.0,0.0
Esteban Granero,LaLiga,Espanyol,es,32,Midfielder,180,78,3,6,334,1,0,3,0,0.8,79.0,0,0.6,6.37,0.8,0.2,1.2,0.0,0.4,0.3,0.2,0,0.8,0.6,0.7,0.4,0.0,0.9,1.2,17.4,79.0,0.4,0.9,0.0
Facundo Ferreyra,LaLiga,Espanyol,ar,28,Forward,183,79,5,4,475,1,0,0,0,0.7,62.5,0,1.9,6.36,0.7,0.2,2.1,0.0,0.3,0.6,0.0,0,0.7,0.2,0.2,0.9,0.4,0.8,1.3,9.8,62.5,0.1,0.1,0.0
Wu Lei,LaLiga,Espanyol,cn,28,Attacker,174,66,10,4,826,1,0,1,0,1.4,69.0,0,0.8,6.31,0.5,0.6,0.7,0.0,0.4,1.3,0.1,0,1.4,0.6,0.6,0.7,0.4,0.6,1.5,10.1,69.0,0.1,0.1,0.0
Naldo,LaLiga,Espanyol,br,31,Defender,188,80,11,1,947,0,0,5,1,0.6,85.2,0,1.7,6.26,1.3,1.3,1.3,0.4,2.5,0.5,0.3,0,0.6,0.2,0.2,0.3,0.0,0.3,0.4,47.3,85.2,0.1,3.6,0.0
Víctor Gómez,LaLiga,Espanyol,es,19,Midfielder,171,0,7,0,617,0,0,1,0,0.4,68.4,0,0.4,6.23,1.3,0.9,1.4,0.3,1.3,1.0,0.0,1,0.4,1.0,0.7,1.6,0.0,0.1,0.9,37.6,68.4,1.3,1.6,0.0
Óscar Melendo,LaLiga,Espanyol,es,22,Attacker,167,63,4,4,389,0,0,0,0,0.3,82.2,0,0.4,6.16,0.5,0.3,0.5,0.0,0.0,0.4,0.3,0,0.3,0.9,0.4,1.5,0.0,0.8,0.8,16.9,82.2,0.1,0.0,0.0
Fernando Calero,LaLiga,Espanyol,es,24,Defender,183,71,9,1,766,0,0,2,1,0.0,87.3,0,1.3,6.15,1.0,0.4,0.4,0.2,3.6,0.7,0.4,0,0.0,0.0,0.1,0.4,0.0,0.0,0.5,48.9,87.3,0.0,2.2,0.0
Víctor Campuzano,LaLiga,Espanyol,es,22,Forward,174,72,5,6,550,0,0,2,0,0.8,64.8,0,0.9,6.12,0.8,0.1,1.5,0.0,0.3,1.3,0.0,0,0.8,0.1,0.5,0.8,0.9,1.0,1.6,8.3,64.8,0.0,0.2,0.0
Pablo Piatti,LaLiga,Espanyol,ar,30,Midfielder,163,63,0,3,54,0,0,0,0,1.0,85.7,0,0.3,6.09,0.7,0.0,0.0,0.0,0.3,0.3,0.0,0,1.0,0.0,0.3,0.7,0.3,0.0,1.0,7.0,85.7,0.0,0.0,0.0
Pol Lozano,LaLiga,Espanyol,,20,Midfielder,177,62,0,1,17,0,0,0,0,0.0,100.0,0,0.0,5.99,1.0,0.0,0.0,0.0,0.0,2.0,0.0,0,0.0,0.0,0.0,0.0,0.0,0.0,0.0,6.0,100.0,0.0,0.0,0.0
Lluís López,LaLiga,Espanyol,es,22,Defender,182,79,3,0,270,0,0,1,0,0.7,90.3,0,1.7,5.96,1.3,0.3,0.7,0.7,2.0,0.0,0.0,0,0.7,0.0,0.3,0.3,0.0,0.3,0.3,75.3,90.3,0.0,3.0,0.0
Kevin Soni,LaLiga,Espanyol,cm,21,Forward,183,76,0,1,3,0,0,0,0,0.0,50.0,0,0.0,5.9,0.0,0.0,2.0,0.0,0.0,0.0,0.0,0,0.0,0.0,0.0,0.0,0.0,0.0,1.0,2.0,50.0,0.0,0.0,0.0
Pipa,LaLiga,Espanyol,,21,Defender,176,72,1,1,116,0,0,1,0,0.5,69.7,0,1.0,5.84,1.0,0.5,1.5,0.0,0.5,0.5,0.0,0,0.5,0.5,0.5,0.5,0.0,0.5,1.5,16.5,69.7,0.0,0.5,0.0
